2017/11/30;LEESEL TRANSP CORP (B2192);36.80000000000003;VAN TRANS LLC (B2192);6.999999999999998;G.V.C., LTD.;6.1;PIONEER TRANSPORTATION CORP;5.299999999999999;RELIANT TRANS, INC. (B2321);5.199999999999999
2017/12/01;LEESEL TRANSP CORP (B2192);35.50000000000002;PIONEER TRANSPORTATION CORP;24.30000000000001;VAN TRANS LLC (B2192);13.400000000000004;RELIANT TRANS, INC. (B2321);11.0;BORO TRANSIT, INC.;7.599999999999999
2017/12/04;LEESEL TRANSP CORP (B2192);27.800000000000022;VAN TRANS LLC (B2192);18.8;PIONEER TRANSPORTATION CORP;18.500000000000007;RELIANT TRANS, INC. (B2321);17.4;BORO TRANSIT, INC.;10.100000000000003
2017/12/05;LEESEL TRANSP CORP (B2192);30.800000000000022;PIONEER TRANSPORTATION CORP;10.899999999999999;QUALITY TRANSPORTATION CORP.;9.4;RELIANT TRANS, INC. (B2321);8.399999999999999;VAN TRANS LLC (B2192);7.2
2017/12/06;LEESEL TRANSP CORP (B2192);33.00000000000002;PIONEER TRANSPORTATION CORP;13.100000000000007;RELIANT TRANS, INC. (B2321);7.799999999999998;NEW DAWN TRANSIT, LLC (B2321);5.800000000000001;G.V.C., LTD.;5.699999999999999
2017/12/07;LEESEL TRANSP CORP (B2192);49.40000000000006;PIONEER TRANSPORTATION CORP;13.800000000000004;VAN TRANS LLC (B2192);10.499999999999996;RELIANT TRANS, INC. (B2321);9.8;G.V.C., LTD.;7.299999999999998
2017/12/08;LEESEL TRANSP CORP (B2192);40.20000000000002;PIONEER TRANSPORTATION CORP;13.9;G.V.C., LTD.;10.899999999999999;RELIANT TRANS, INC. (B2321);9.3;VAN TRANS LLC (B2192);5.999999999999999
2017/12/11;LEESEL TRANSP CORP (B2192);45.100000000000044;RELIANT TRANS, INC. (B2321);19.199999999999996;PIONEER TRANSPORTATION CORP;18.900000000000016;VAN TRANS LLC (B2192);11.300000000000004;SNT BUS INC;8.7
2017/12/12;LEESEL TRANSP CORP (B2192);52.20000000000001;PIONEER TRANSPORTATION CORP;22.60000000000002;RELIANT TRANS, INC. (B2321);18.300000000000008;VAN TRANS LLC (B2192);16.700000000000006;G.V.C., LTD.;14.700000000000006
2017/12/13;LEESEL TRANSP CORP (B2192);63.500000000000064;RELIANT TRANS, INC. (B2321);26.50000000000001;PIONEER TRANSPORTATION CORP;24.700000000000024;NEW DAWN TRANSIT, LLC (B2321);15.599999999999994;SNT BUS INC;12.699999999999998
2017/12/14;LEESEL TRANSP CORP (B2192);95.69999999999972;RELIANT TRANS, INC. (B2321);53.70000000000001;PIONEER TRANSPORTATION CORP;40.40000000000001;MAR-CAN TRANSPORT CO. INC (B2192);27.00000000000002;VAN TRANS LLC (B2192);20.4
2017/12/15;LEESEL TRANSP CORP (B2192);73.89999999999998;PIONEER TRANSPORTATION CORP;53.49999999999992;RELIANT TRANS, INC. (B2321);25.50000000000002;NEW DAWN TRANSIT, LLC (B2321);17.599999999999994;VAN TRANS LLC (B2192);16.1
2017/12/18;LEESEL TRANSP CORP (B2192);65.10000000000007;RELIANT TRANS, INC. (B2321);39.40000000000002;PIONEER TRANSPORTATION CORP;22.900000000000016;VAN TRANS LLC (B2192);16.500000000000007;NEW DAWN TRANSIT, LLC (B2321);14.999999999999988
2017/12/19;LEESEL TRANSP CORP (B2192);40.600000000000044;PIONEER TRANSPORTATION CORP;17.200000000000003;VAN TRANS LLC (B2192);16.300000000000004;RELIANT TRANS, INC. (B2321);12.800000000000006;NEW DAWN TRANSIT, LLC (B2321);10.599999999999994
2017/12/20;LEESEL TRANSP CORP (B2192);54.60000000000006;PIONEER TRANSPORTATION CORP;18.100000000000012;G.V.C., LTD.;17.200000000000003;RELIANT TRANS, INC. (B2321);14.3;VAN TRANS LLC (B2192);12.1
2017/12/21;LEESEL TRANSP CORP (B2192);57.70000000000009;PIONEER TRANSPORTATION CORP;19.30000000000001;RELIANT TRANS, INC. (B2321);14.100000000000001;BORO TRANSIT, INC.;9.9;VAN TRANS LLC (B2192);7.999999999999999
2017/12/27;ALL AMERICAN SCHOOL BUS CORP.;2.0;NEW DAWN TRANSIT, LLC (B2321);0.8;LEESEL TRANSP CORP (B2192);0.6;HAPPY CHILD TRANS LLC (B2192);0.5
2017/12/28;SNT BUS INC;2.0;HAPPY CHILD TRANS LLC (B2192);1.4000000000000001;G.V.C., LTD.;1.2000000000000002
2017/12/22;LEESEL TRANSP CORP (B2192);42.60000000000005;RELIANT TRANS, INC. (B2321);15.700000000000003;NEW DAWN TRANSIT, LLC (B2321);13.399999999999988;VAN TRANS LLC (B2192);10.800000000000004;PIONEER TRANSPORTATION CORP;10.499999999999996
2017/12/26;NEW DAWN TRANSIT, LLC (B2321);1.2;SNT BUS INC;1.0;THOMAS BUSES, INC. (B2321);0.8;RELIANT TRANS, INC. (B2321);0.6;LEESEL TRANSP CORP (B2192);0.6
2017/12/29;HAPPY CHILD TRANS LLC (B2192);0.6
2018/01/03;LEESEL TRANSP CORP (B2192);27.600000000000023;PIONEER TRANSPORTATION CORP;14.900000000000006;RELIANT TRANS, INC. (B2321);11.7;NEW DAWN TRANSIT, LLC (B2321);9.200000000000003;SNT BUS INC;8.3
2018/01/02;PIONEER TRANSPORTATION CORP;27.500000000000004;LEESEL TRANSP CORP (B2192);21.500000000000004;RELIANT TRANS, INC. (B2321);19.499999999999993;BORO TRANSIT, INC.;18.099999999999998;NEW DAWN TRANSIT, LLC (B2321);15.0
2018/01/07;ALL AMERICAN SCHOOL BUS CORP.;0.2
2018/01/05;LEESEL TRANSP CORP (B2192);41.000000000000036;PIONEER TRANSPORTATION CORP;34.699999999999974;RELIANT TRANS, INC. (B2321);33.200000000000024;BORO TRANSIT, INC.;23.999999999999982;NEW DAWN TRANSIT, LLC (B2321);21.19999999999999
2018/01/08;SNT BUS INC;55.4;PIONEER TRANSPORTATION CORP;25.600000000000023;LEESEL TRANSP CORP (B2192);24.600000000000016;RELIANT TRANS, INC. (B2321);21.8;BORO TRANSIT, INC.;20.6
2018/01/09;LEESEL TRANSP CORP (B2192);30.30000000000003;PIONEER TRANSPORTATION CORP;23.50000000000002;RELIANT TRANS, INC. (B2321);23.000000000000007;VAN TRANS LLC (B2192);18.699999999999985;G.V.C., LTD.;13.400000000000007
2018/01/10;LEESEL TRANSP CORP (B2192);31.200000000000028;PIONEER TRANSPORTATION CORP;18.200000000000014;RELIANT TRANS, INC. (B2321);14.399999999999999;VAN TRANS LLC (B2192);10.299999999999999;NEW DAWN TRANSIT, LLC (B2321);10.000000000000002
2018/01/11;LEESEL TRANSP CORP (B2192);35.40000000000003;PIONEER TRANSPORTATION CORP;17.100000000000012;RELIANT TRANS, INC. (B2321);10.3;NEW DAWN TRANSIT, LLC (B2321);8.600000000000001;FIRST STEPS TRANSP INC. (B2192);7.1000000000000005
2018/01/17;LEESEL TRANSP CORP (B2192);46.50000000000005;PIONEER TRANSPORTATION CORP;22.00000000000002;NEW DAWN TRANSIT, LLC (B2321);11.7;RELIANT TRANS, INC. (B2321);8.999999999999998;DON THOMAS BUSES, INC. (B2321);6.399999999999998
2018/01/16;LEESEL TRANSP CORP (B2192);44.600000000000044;RELIANT TRANS, INC. (B2321);13.299999999999997;PIONEER TRANSPORTATION CORP;12.200000000000003;G.V.C., LTD.;7.899999999999998;NEW DAWN TRANSIT, LLC (B2321);7.600000000000004
2018/01/12;LEESEL TRANSP CORP (B2192);33.70000000000003;RELIANT TRANS, INC. (B2321);17.1;PIONEER TRANSPORTATION CORP;13.600000000000001;VAN TRANS LLC (B2192);8.399999999999999;CAREFUL BUS;6.599999999999999
2018/01/19;LEESEL TRANSP CORP (B2192);50.20000000000007;PIONEER TRANSPORTATION CORP;21.800000000000015;RELIANT TRANS, INC. (B2321);11.600000000000005;VAN TRANS LLC (B2192);10.0;JOFAZ TRANSPORTATION INC.;8.0
2018/01/18;LEESEL TRANSP CORP (B2192);55.30000000000007;PIONEER TRANSPORTATION CORP;16.90000000000001;RELIANT TRANS, INC. (B2321);15.000000000000002;VAN TRANS LLC (B2192);12.100000000000001;NEW DAWN TRANSIT, LLC (B2321);10.099999999999998
2018/01/22;LEESEL TRANSP CORP (B2192);44.60000000000005;PIONEER TRANSPORTATION CORP;22.90000000000002;RELIANT TRANS, INC. (B2321);22.200000000000014;VAN TRANS LLC (B2192);11.700000000000003;BORO TRANSIT, INC.;8.2
2018/01/23;LEESEL TRANSP CORP (B2192);46.20000000000004;PIONEER TRANSPORTATION CORP;24.200000000000024;RELIANT TRANS, INC. (B2321);13.399999999999997;VAN TRANS LLC (B2192);10.700000000000005;SNT BUS INC;9.8
2018/01/24;LEESEL TRANSP CORP (B2192);48.80000000000005;PIONEER TRANSPORTATION CORP;18.2;RELIANT TRANS, INC. (B2321);7.6000000000000005;SELBY TRANSPORTATION;5.999999999999998;NEW DAWN TRANSIT, LLC (B2321);5.8000000000000025
2018/01/25;LEESEL TRANSP CORP (B2192);45.000000000000036;PIONEER TRANSPORTATION CORP;14.300000000000008;SNT BUS INC;7.1000000000000005;RELIANT TRANS, INC. (B2321);6.8;NEW DAWN TRANSIT, LLC (B2321);6.500000000000002
2018/01/26;LEESEL TRANSP CORP (B2192);36.600000000000016;PIONEER TRANSPORTATION CORP;18.20000000000002;VAN TRANS LLC (B2192);9.600000000000003;RELIANT TRANS, INC. (B2321);6.599999999999998;CAREFUL BUS;5.999999999999999
2018/01/29;LEESEL TRANSP CORP (B2192);39.90000000000004;RELIANT TRANS, INC. (B2321);24.900000000000016;PIONEER TRANSPORTATION CORP;16.700000000000006;L & M BUS CORP.;10.8;BORO TRANSIT, INC.;9.599999999999998
2018/01/30;RELIANT TRANS, INC. (B2321);41.60000000000006;LEESEL TRANSP CORP (B2192);26.10000000000002;PIONEER TRANSPORTATION CORP;23.100000000000016;QUALITY TRANSPORTATION CORP.;7.3999999999999995;CAREFUL BUS;6.599999999999999
2018/01/31;LEESEL TRANSP CORP (B2192);25.40000000000002;NEW DAWN TRANSIT, LLC (B2321);12.899999999999999;PIONEER TRANSPORTATION CORP;10.800000000000002;RELIANT TRANS, INC. (B2321);10.2;LITTLE RICHIE BUS SERVICE;4.800000000000001
2018/02/01;LEESEL TRANSP CORP (B2192);25.600000000000023;PIONEER TRANSPORTATION CORP;12.499999999999998;RELIANT TRANS, INC. (B2321);6.700000000000001;SELBY TRANSPORTATION;5.999999999999999;BORO TRANSIT, INC.;5.4
2018/02/02;LEESEL TRANSP CORP (B2192);23.100000000000012;RELIANT TRANS, INC. (B2321);12.6;PIONEER TRANSPORTATION CORP;7.199999999999999;BORO TRANSIT, INC.;5.2;LOGAN BUS COMPANY INC.;4.800000000000001
2018/02/05;PIONEER TRANSPORTATION CORP;20.20000000000002;LEESEL TRANSP CORP (B2192);18.300000000000008;RELIANT TRANS, INC. (B2321);15.099999999999996;LITTLE RICHIE BUS SERVICE;8.600000000000003;G.V.C., LTD.;5.3999999999999995
2018/02/06;LEESEL TRANSP CORP (B2192);27.30000000000003;PIONEER TRANSPORTATION CORP;13.200000000000003;RELIANT TRANS, INC. (B2321);11.600000000000001;NEW DAWN TRANSIT, LLC (B2321);10.199999999999998;L & M BUS CORP.;5.4
2018/02/07;LEESEL TRANSP CORP (B2192);22.900000000000013;PIONEER TRANSPORTATION CORP;10.500000000000002;BORO TRANSIT, INC.;7.700000000000002;SNT BUS INC;7.000000000000001;RELIANT TRANS, INC. (B2321);6.499999999999998
2018/02/09;LEESEL TRANSP CORP (B2192);14.400000000000002;RELIANT TRANS, INC. (B2321);10.700000000000003;PIONEER TRANSPORTATION CORP;8.099999999999998;NEW DAWN TRANSIT, LLC (B2321);7.3999999999999995;LITTLE RICHIE BUS SERVICE;4.8999999999999995
2018/02/08;LEESEL TRANSP CORP (B2192);12.0;RELIANT TRANS, INC. (B2321);9.199999999999998;PIONEER TRANSPORTATION CORP;7.6999999999999975;G.V.C., LTD.;7.199999999999998;SELBY TRANSPORTATION;4.8
2018/02/12;LEESEL TRANSP CORP (B2192);20.200000000000014;RELIANT TRANS, INC. (B2321);14.299999999999997;PIONEER TRANSPORTATION CORP;13.40000000000001;BORO TRANSIT, INC.;7.800000000000001;SNT BUS INC;7.000000000000001
2018/02/13;LEESEL TRANSP CORP (B2192);43.20000000000002;RELIANT TRANS, INC. (B2321);26.400000000000023;PIONEER TRANSPORTATION CORP;18.100000000000005;BORO TRANSIT, INC.;13.599999999999998;FIRST STEPS TRANSP INC. (B2192);9.400000000000004
2018/02/14;LEESEL TRANSP CORP (B2192);22.100000000000023;PIONEER TRANSPORTATION CORP;20.900000000000016;RELIANT TRANS, INC. (B2321);11.199999999999996;BORO TRANSIT, INC.;9.1;G.V.C., LTD.;8.399999999999999
2018/02/16;RELIANT TRANS, INC. (B2321);3.0;MV TRANSPORTATION, INC.;1.7999999999999998;SNT BUS INC;1.6;DON THOMAS BUSES, INC. (B2321);1.2;ALL AMERICAN SCHOOL BUS CORP.;0.6
2018/02/21;RELIANT TRANS, INC. (B2321);1.7999999999999998;SNT BUS INC;1.4;BORO TRANSIT, INC.;0.8;PIONEER TRANSPORTATION CORP;0.6;CONSOLIDATED BUS TRANS. INC.;0.6
2018/02/20;MONTAUK STUDENT TRANS, INC. (B2321);0.4;TWENTY FIRST AV TRANSP (B2192);0.2
2018/02/23;CONSOLIDATED BUS TRANS. INC.;1.2;FIRST STEPS TRANSP INC. (B2192);0.5;SNT BUS INC;0.4;PIONEER TRANSPORTATION CORP;0.3;CAREFUL BUS;0.2
2018/02/15;LEESEL TRANSP CORP (B2192);37.499999999999986;PIONEER TRANSPORTATION CORP;19.3;RELIANT TRANS, INC. (B2321);17.099999999999998;LITTLE RICHIE BUS SERVICE;15.600000000000009;FIRST STEPS TRANSP INC. (B2192);14.300000000000002
2018/02/22;THOMAS BUSES, INC.;1.0;L & M BUS CORP.;1.0;PIONEER TRANSPORTATION CORP;0.2
2018/02/26;LEESEL TRANSP CORP (B2192);35.10000000000004;BORO TRANSIT, INC.;29.500000000000004;RELIANT TRANS, INC. (B2321);24.300000000000008;PIONEER TRANSPORTATION CORP;23.200000000000017;G.V.C., LTD.;19.000000000000004
2018/02/27;LEESEL TRANSP CORP (B2192);47.80000000000007;RELIANT TRANS, INC. (B2321);24.300000000000008;PIONEER TRANSPORTATION CORP;16.900000000000002;BORO TRANSIT, INC.;13.800000000000004;SNT BUS INC;9.2
2018/03/01;LEESEL TRANSP CORP (B2192);29.400000000000027;RELIANT TRANS, INC. (B2321);16.2;PIONEER TRANSPORTATION CORP;14.6;SELBY TRANSPORTATION;5.999999999999999;QUALITY TRANSPORTATION CORP.;4.8
2018/02/28;LEESEL TRANSP CORP (B2192);50.600000000000044;RELIANT TRANS, INC. (B2321);23.40000000000001;PIONEER TRANSPORTATION CORP;18.60000000000001;VAN TRANS LLC (B2192);8.899999999999997;L & M BUS CORP.;7.2
2018/03/02;LEESEL TRANSP CORP (B2192);47.100000000000065;PIONEER TRANSPORTATION CORP;40.10000000000004;RELIANT TRANS, INC. (B2321);20.89999999999999;VAN TRANS LLC (B2192);16.800000000000004;G.V.C., LTD.;15.599999999999996
2018/03/05;LEESEL TRANSP CORP (B2192);68.40000000000003;RELIANT TRANS, INC. (B2321);48.600000000000044;PIONEER TRANSPORTATION CORP;32.10000000000003;BORO TRANSIT, INC.;20.599999999999994;G.V.C., LTD.;14.100000000000001
2018/03/06;LEESEL TRANSP CORP (B2192);51.60000000000005;RELIANT TRANS, INC. (B2321);35.10000000000001;PIONEER TRANSPORTATION CORP;30.600000000000033;SNT BUS INC;12.900000000000002;SELBY TRANSPORTATION;8.999999999999998
2018/03/07;LEESEL TRANSP CORP (B2192);43.800000000000054;PIONEER TRANSPORTATION CORP;18.50000000000001;RELIANT TRANS, INC. (B2321);16.400000000000002;BORO TRANSIT, INC.;6.500000000000002;QUALITY TRANSPORTATION CORP.;6.3999999999999995
2018/03/08;LEESEL TRANSP CORP (B2192);40.600000000000044;PIONEER TRANSPORTATION CORP;28.30000000000003;RELIANT TRANS, INC. (B2321);24.60000000000002;BORO TRANSIT, INC.;9.600000000000001;VAN TRANS LLC (B2192);6.299999999999998
2018/03/09;LEESEL TRANSP CORP (B2192);47.00000000000006;PIONEER TRANSPORTATION CORP;20.100000000000016;RELIANT TRANS, INC. (B2321);19.20000000000001;G.V.C., LTD.;14.899999999999997;VAN TRANS LLC (B2192);8.599999999999998
2018/03/12;LEESEL TRANSP CORP (B2192);46.20000000000007;RELIANT TRANS, INC. (B2321);44.00000000000006;PIONEER TRANSPORTATION CORP;24.500000000000014;G.V.C., LTD.;13.300000000000004;VAN TRANS LLC (B2192);12.400000000000004
2018/03/13;LEESEL TRANSP CORP (B2192);64.80000000000007;RELIANT TRANS, INC. (B2321);30.60000000000002;PIONEER TRANSPORTATION CORP;22.00000000000002;G.V.C., LTD.;11.999999999999991;SELBY TRANSPORTATION;10.199999999999998
2018/03/14;LEESEL TRANSP CORP (B2192);74.09999999999997;RELIANT TRANS, INC. (B2321);32.80000000000003;G.V.C., LTD.;19.000000000000007;PIONEER TRANSPORTATION CORP;15.800000000000002;NEW DAWN TRANSIT, LLC (B2321);12.600000000000007
2018/03/16;LEESEL TRANSP CORP (B2192);54.700000000000045;RELIANT TRANS, INC. (B2321);28.000000000000018;PIONEER TRANSPORTATION CORP;13.400000000000006;NEW DAWN TRANSIT, LLC (B2321);9.399999999999999;BORO TRANSIT, INC.;8.599999999999998
2018/03/15;LEESEL TRANSP CORP (B2192);61.10000000000008;RELIANT TRANS, INC. (B2321);23.6;PIONEER TRANSPORTATION CORP;17.999999999999996;QUALITY TRANSPORTATION CORP.;10.699999999999998;G.V.C., LTD.;9.3
2018/03/19;LEESEL TRANSP CORP (B2192);61.20000000000008;RELIANT TRANS, INC. (B2321);29.200000000000028;PIONEER TRANSPORTATION CORP;28.70000000000002;G.V.C., LTD.;15.700000000000012;BORO TRANSIT, INC.;15.300000000000006
2018/03/20;LEESEL TRANSP CORP (B2192);74.39999999999998;PIONEER TRANSPORTATION CORP;33.200000000000024;RELIANT TRANS, INC. (B2321);22.90000000000002;LITTLE RICHIE BUS SERVICE;9.4;G.V.C., LTD.;9.299999999999999
2018/03/22;RELIANT TRANSPORTATION, INC (B2321);47.50000000000007;LEESEL TRANSPORTATION CORP (B2192);38.10000000000005;PIONEER TRANSPORTATION CORP;30.600000000000012;BORO TRANSIT, INC.;10.299999999999995;SELBY TRANSPORTATION;9.599999999999998
2018/03/23;LEESEL TRANSPORTATION CORP (B2192);50.700000000000045;PIONEER TRANSPORTATION CORP;18.100000000000005;RELIANT TRANSPORTATION, INC (B2321);16.8;BORO TRANSIT, INC.;12.400000000000004;VAN TRANS LLC (B2192);9.199999999999998
2018/03/26;LEESEL TRANSPORTATION CORP (B2192);72.59999999999998;RELIANT TRANSPORTATION, INC (B2321);29.00000000000002;PIONEER TRANSPORTATION CORP;17.100000000000012;VAN TRANS LLC (B2192);10.600000000000001;NEW DAWN TRANSIT, LLC (B2321);9.600000000000001
2018/03/27;LEESEL TRANSPORTATION CORP (B2192);48.50000000000006;PIONEER TRANSPORTATION CORP;21.599999999999994;VAN TRANS LLC (B2192);11.799999999999997;L & M BUS CORP.;9.300000000000002;RELIANT TRANSPORTATION, INC (B2321);8.700000000000003
2018/03/28;LEESEL TRANSPORTATION CORP (B2192);59.40000000000009;PIONEER TRANSPORTATION CORP;19.50000000000001;RELIANT TRANSPORTATION, INC (B2321);14.70000000000001;SELBY TRANSPORTATION;12.599999999999996;G.V.C., LTD.;10.399999999999999
2018/03/29;LEESEL TRANSPORTATION CORP (B2192);40.80000000000004;PIONEER TRANSPORTATION CORP;17.1;RELIANT TRANSPORTATION, INC (B2321);8.999999999999996;BORO TRANSIT, INC.;6.3;G.V.C., LTD.;5.999999999999999
2018/04/03;QUALITY TRANSPORTATION CORP.;2.0;PIONEER TRANSPORTATION CORP;1.5999999999999999;PRIDE TRANSPORTATION (SCH AGE);0.3;VAN TRANS LLC (B2192);0.3;HOYT TRANSPORTATION CORP.;0.2
2018/04/02;BORO TRANSIT, INC.;2.0;CONSOLIDATED BUS TRANSIT, INC.;1.2000000000000002;LEESEL TRANSPORTATION CORP (B2192);1.2;PRIDE TRANSPORTATION (SCH AGE);1.1;MONTAUK STUDENT TRANS, INC. (B2321);0.8
2018/03/30;RELIANT TRANSPORTATION, INC (B2321);0.4
2018/04/04;SNT BUS INC;1.1;LEESEL TRANSPORTATION CORP (B2192);0.8999999999999999;GRANDPA`S BUS CO., INC.;0.6;BORO TRANSIT, INC.;0.4;JOFAZ TRANSPORTATION INC.;0.4
2018/04/05;ALL AMERICAN SCHOOL BUS CORP.;2.0;BORO TRANSIT, INC.;1.1;PIONEER TRANSPORTATION CORP;1.0;LEESEL TRANSPORTATION CORP (B2192);0.8999999999999999;MONTAUK STUDENT TRANS, INC. (B2321);0.6
2018/04/06;LEESEL TRANSPORTATION CORP (B2192);0.6;BORO TRANSIT, INC.;0.6;HAPPY CHILD TRANS LLC (B2192);0.4;CONSOLIDATED BUS TRANSIT, INC.;0.3
2018/04/09;LEESEL TRANSPORTATION CORP (B2192);37.50000000000004;RELIANT TRANSPORTATION, INC (B2321);28.600000000000023;PIONEER TRANSPORTATION CORP;27.90000000000002;BORO TRANSIT, INC.;15.3;FIRST STEPS TRANS INC. (B2192);13.400000000000004
2018/04/10;LEESEL TRANSPORTATION CORP (B2192);45.70000000000006;RELIANT TRANSPORTATION, INC (B2321);28.300000000000026;FIRST STEPS TRANS INC. (B2192);15.600000000000003;PIONEER TRANSPORTATION CORP;15.099999999999998;BORO TRANSIT, INC.;9.0
2018/04/11;LEESEL TRANSPORTATION CORP (B2192);30.30000000000003;RELIANT TRANSPORTATION, INC (B2321);25.10000000000001;PIONEER TRANSPORTATION CORP;20.500000000000007;FIRST STEPS TRANS INC. (B2192);15.299999999999999;BORO TRANSIT, INC.;8.999999999999998
2018/04/12;LEESEL TRANSPORTATION CORP (B2192);49.20000000000006;PIONEER TRANSPORTATION CORP;17.900000000000002;RELIANT TRANSPORTATION, INC (B2321);8.899999999999997;SNT BUS INC;8.799999999999999;VAN TRANS LLC (B2192);8.4
2018/04/13;LEESEL TRANSPORTATION CORP (B2192);50.70000000000006;RELIANT TRANSPORTATION, INC (B2321);19.8;PIONEER TRANSPORTATION CORP;14.800000000000004;BORO TRANSIT, INC.;6.800000000000001;SNT BUS INC;6.5
2018/04/16;LEESEL TRANSPORTATION CORP (B2192);52.000000000000064;RELIANT TRANSPORTATION, INC (B2321);29.80000000000001;PIONEER TRANSPORTATION CORP;22.000000000000014;BORO TRANSIT, INC.;12.6;G.V.C., LTD.;12.000000000000002
2018/04/17;LEESEL TRANSPORTATION CORP (B2192);49.90000000000008;RELIANT TRANSPORTATION, INC (B2321);21.0;PIONEER TRANSPORTATION CORP;8.899999999999999;G.V.C., LTD.;7.899999999999998;VAN TRANS LLC (B2192);7.299999999999998
2018/04/19;LEESEL TRANSPORTATION CORP (B2192);53.700000000000074;RELIANT TRANSPORTATION, INC (B2321);23.800000000000022;PIONEER TRANSPORTATION CORP;18.500000000000014;VAN TRANS LLC (B2192);13.200000000000001;G.V.C., LTD.;8.899999999999999
2018/04/18;LEESEL TRANSPORTATION CORP (B2192);49.500000000000064;RELIANT TRANSPORTATION, INC (B2321);16.500000000000004;PIONEER TRANSPORTATION CORP;12.900000000000002;FIRST STEPS TRANS INC. (B2192);6.0;G.V.C., LTD.;5.799999999999998
2018/04/25;LEESEL TRANSPORTATION CORP (B2192);61.80000000000006;RELIANT TRANSPORTATION, INC (B2321);42.70000000000001;PIONEER TRANSPORTATION CORP;23.500000000000014;G.V.C., LTD.;16.799999999999997;VAN TRANS LLC (B2192);13.000000000000009
2018/04/20;LEESEL TRANSPORTATION CORP (B2192);40.300000000000054;RELIANT TRANSPORTATION, INC (B2321);20.800000000000004;PIONEER TRANSPORTATION CORP;16.799999999999997;G.V.C., LTD.;6.999999999999998;VAN TRANS LLC (B2192);6.299999999999999
2018/04/24;LEESEL TRANSPORTATION CORP (B2192);31.500000000000036;RELIANT TRANSPORTATION, INC (B2321);24.800000000000008;PIONEER TRANSPORTATION CORP;20.8;NEW DAWN TRANSIT, LLC (B2321);11.8;G.V.C., LTD.;10.099999999999998
2018/04/23;LEESEL TRANSPORTATION CORP (B2192);51.60000000000006;RELIANT TRANSPORTATION, INC (B2321);21.50000000000001;PIONEER TRANSPORTATION CORP;17.900000000000006;FIRST STEPS TRANS INC. (B2192);8.8;HAPPY CHILD TRANS LLC (B2192);7.4
2018/04/26;LEESEL TRANSPORTATION CORP (B2192);55.20000000000009;PIONEER TRANSPORTATION CORP;27.800000000000036;RELIANT TRANSPORTATION, INC (B2321);26.100000000000023;G.V.C., LTD.;17.499999999999996;VAN TRANS LLC (B2192);16.8
2018/04/30;LEESEL TRANSPORTATION CORP (B2192);55.80000000000006;RELIANT TRANSPORTATION, INC (B2321);20.799999999999994;PIONEER TRANSPORTATION CORP;18.30000000000001;NEW DAWN TRANSIT, LLC (B2321);11.399999999999997;VAN TRANS LLC (B2192);10.1
2018/04/27;LEESEL TRANSPORTATION CORP (B2192);53.70000000000007;RELIANT TRANSPORTATION, INC (B2321);22.500000000000014;PIONEER TRANSPORTATION CORP;21.600000000000016;G.V.C., LTD.;12.299999999999997;FIRST STEPS TRANS INC. (B2192);8.1
2018/05/03;LEESEL TRANSPORTATION CORP (B2192);42.10000000000005;RELIANT TRANSPORTATION, INC (B2321);23.900000000000013;BORO TRANSIT, INC.;11.6;PIONEER TRANSPORTATION CORP;10.0;G.V.C., LTD.;8.899999999999999
2018/05/02;LEESEL TRANSPORTATION CORP (B2192);61.900000000000084;RELIANT TRANSPORTATION, INC (B2321);24.100000000000016;PIONEER TRANSPORTATION CORP;22.80000000000001;NEW DAWN TRANSIT, LLC (B2321);10.300000000000002;G.V.C., LTD.;9.700000000000001
2018/05/01;LEESEL TRANSPORTATION CORP (B2192);69.40000000000005;PIONEER TRANSPORTATION CORP;39.400000000000055;RELIANT TRANSPORTATION, INC (B2321);26.400000000000013;G.V.C., LTD.;16.2;VAN TRANS LLC (B2192);15.099999999999993
2018/05/04;LEESEL TRANSPORTATION CORP (B2192);52.00000000000008;RELIANT TRANSPORTATION, INC (B2321);28.300000000000026;PIONEER TRANSPORTATION CORP;14.300000000000002;G.V.C., LTD.;12.0;VAN TRANS LLC (B2192);7.5
2018/05/07;LEESEL TRANSPORTATION CORP (B2192);39.900000000000055;RELIANT TRANSPORTATION, INC (B2321);31.100000000000026;PIONEER TRANSPORTATION CORP;15.90000000000001;VAN TRANS LLC (B2192);9.2;G.V.C., LTD.;9.099999999999998
2018/05/10;LEESEL TRANSPORTATION CORP (B2192);44.10000000000006;RELIANT TRANSPORTATION, INC (B2321);17.8;PIONEER TRANSPORTATION CORP;13.399999999999999;VAN TRANS LLC (B2192);8.1;SELBY TRANSPORTATION;7.799999999999998
2018/05/08;LEESEL TRANSPORTATION CORP (B2192);38.50000000000005;RELIANT TRANSPORTATION, INC (B2321);23.70000000000001;PIONEER TRANSPORTATION CORP;15.80000000000001;G.V.C., LTD.;8.499999999999998;VAN TRANS LLC (B2192);6.699999999999999
2018/05/09;LEESEL TRANSPORTATION CORP (B2192);44.10000000000006;RELIANT TRANSPORTATION, INC (B2321);34.400000000000034;PIONEER TRANSPORTATION CORP;18.900000000000006;VAN TRANS LLC (B2192);11.699999999999998;SELBY TRANSPORTATION;9.599999999999998
2018/05/16;LEESEL TRANSPORTATION CORP (B2192);44.10000000000005;RELIANT TRANSPORTATION, INC (B2321);15.799999999999994;PIONEER TRANSPORTATION CORP;15.000000000000007;G.V.C., LTD.;13.1;SELBY TRANSPORTATION;7.799999999999998
2018/05/15;LEESEL TRANSPORTATION CORP (B2192);23.100000000000012;G.V.C., LTD.;14.399999999999999;RELIANT TRANSPORTATION, INC (B2321);11.599999999999998;NEW DAWN TRANSIT, LLC (B2321);9.0;PIONEER TRANSPORTATION CORP;8.099999999999998
2018/05/14;LEESEL TRANSPORTATION CORP (B2192);44.10000000000006;RELIANT TRANSPORTATION, INC (B2321);31.90000000000003;PIONEER TRANSPORTATION CORP;18.800000000000004;NEW DAWN TRANSIT, LLC (B2321);12.299999999999997;G.V.C., LTD.;11.7
2018/05/11;LEESEL TRANSPORTATION CORP (B2192);44.400000000000055;RELIANT TRANSPORTATION, INC (B2321);25.800000000000004;PIONEER TRANSPORTATION CORP;24.500000000000014;NEW DAWN TRANSIT, LLC (B2321);11.800000000000006;G.V.C., LTD.;10.299999999999999
2018/05/17;LEESEL TRANSPORTATION CORP (B2192);46.30000000000006;RELIANT TRANSPORTATION, INC (B2321);33.00000000000002;PIONEER TRANSPORTATION CORP;23.400000000000023;G.V.C., LTD.;11.799999999999999;VAN TRANS LLC (B2192);9.700000000000001
2018/05/22;LEESEL TRANSPORTATION CORP (B2192);36.70000000000003;RELIANT TRANSPORTATION, INC (B2321);21.700000000000006;PIONEER TRANSPORTATION CORP;18.800000000000008;SELBY TRANSPORTATION;8.999999999999998;G.V.C., LTD.;7.099999999999998
2018/05/21;LEESEL TRANSPORTATION CORP (B2192);38.10000000000005;RELIANT TRANSPORTATION, INC (B2321);29.400000000000027;PIONEER TRANSPORTATION CORP;15.900000000000004;SELBY TRANSPORTATION;8.999999999999998;G.V.C., LTD.;8.1
2018/05/18;LEESEL TRANSPORTATION CORP (B2192);42.600000000000044;RELIANT TRANSPORTATION, INC (B2321);27.70000000000002;PIONEER TRANSPORTATION CORP;14.600000000000003;SELBY TRANSPORTATION;9.599999999999998;VAN TRANS LLC (B2192);8.4
2018/05/25;LEESEL TRANSPORTATION CORP (B2192);32.70000000000004;PIONEER TRANSPORTATION CORP;16.099999999999994;RELIANT TRANSPORTATION, INC (B2321);9.2;SELBY TRANSPORTATION;8.399999999999999;QUALITY TRANSPORTATION CORP.;7.900000000000001
2018/05/23;LEESEL TRANSPORTATION CORP (B2192);34.500000000000014;RELIANT TRANSPORTATION, INC (B2321);26.400000000000013;PIONEER TRANSPORTATION CORP;16.400000000000002;G.V.C., LTD.;10.300000000000002;VAN TRANS LLC (B2192);10.3
2018/05/24;LEESEL TRANSPORTATION CORP (B2192);34.40000000000004;RELIANT TRANSPORTATION, INC (B2321);25.500000000000014;PIONEER TRANSPORTATION CORP;19.600000000000005;SELBY TRANSPORTATION;9.599999999999998;CONSOLIDATED BUS TRANSIT, INC.;9.2
2018/05/30;LEESEL TRANSPORTATION CORP (B2192);23.40000000000002;RELIANT TRANSPORTATION, INC (B2321);22.5;PIONEER TRANSPORTATION CORP;15.800000000000002;SELBY TRANSPORTATION;9.599999999999998;G.V.C., LTD.;8.399999999999999
2018/05/29;RELIANT TRANSPORTATION, INC (B2321);34.200000000000024;LEESEL TRANSPORTATION CORP (B2192);24.700000000000024;PIONEER TRANSPORTATION CORP;15.5;G.V.C., LTD.;10.899999999999999;BORO TRANSIT, INC.;9.399999999999999
2018/06/01;RELIANT TRANSPORTATION, INC (B2321);34.000000000000014;LEESEL TRANSPORTATION CORP (B2192);25.50000000000003;PIONEER TRANSPORTATION CORP;20.500000000000014;SELBY TRANSPORTATION;8.399999999999999;G.V.C., LTD.;8.299999999999999
2018/05/31;RELIANT TRANSPORTATION, INC (B2321);25.800000000000015;LEESEL TRANSPORTATION CORP (B2192);25.30000000000003;PIONEER TRANSPORTATION CORP;19.100000000000012;VAN TRANS LLC (B2192);11.699999999999998;G.V.C., LTD.;9.799999999999999
2018/06/04;RELIANT TRANSPORTATION, INC (B2321);35.500000000000036;LEESEL TRANSPORTATION CORP (B2192);31.000000000000036;PIONEER TRANSPORTATION CORP;19.400000000000006;SELBY TRANSPORTATION;9.899999999999999;BORO TRANSIT, INC.;9.6
2018/06/05;LEESEL TRANSPORTATION CORP (B2192);49.50000000000007;RELIANT TRANSPORTATION, INC (B2321);33.10000000000004;PIONEER TRANSPORTATION CORP;17.20000000000001;BORO TRANSIT, INC.;9.500000000000002;SELBY TRANSPORTATION;8.999999999999998
2018/06/11;LEESEL TRANSPORTATION CORP (B2192);6.6;RELIANT TRANSPORTATION, INC (B2321);6.299999999999999;L & M BUS CORP.;2.2;DON THOMAS BUSES, INC.;2.1;G.V.C., LTD.;1.9
2018/06/06;LEESEL TRANSPORTATION CORP (B2192);39.90000000000003;RELIANT TRANSPORTATION, INC (B2321);30.399999999999995;SELBY TRANSPORTATION;8.699999999999998;PIONEER TRANSPORTATION CORP;8.299999999999997;VAN TRANS LLC (B2192);8.100000000000003
2018/06/07;LEESEL TRANSPORTATION CORP (B2192);6.999999999999999;SELBY TRANSPORTATION;3.0;PIONEER TRANSPORTATION CORP;2.1;RELIANT TRANSPORTATION, INC (B2321);1.9;HOYT TRANSPORTATION CORP.;1.5
2018/06/08;LEESEL TRANSPORTATION CORP (B2192);43.50000000000005;RELIANT TRANSPORTATION, INC (B2321);28.800000000000008;PIONEER TRANSPORTATION CORP;18.500000000000004;NEW DAWN TRANSIT, LLC (B2321);13.2;VAN TRANS LLC (B2192);11.8
2018/06/12;LEESEL TRANSPORTATION CORP (B2192);50.700000000000074;RELIANT TRANSPORTATION, INC (B2321);30.700000000000017;PIONEER TRANSPORTATION CORP;19.599999999999998;SELBY TRANSPORTATION;15.199999999999996;L & M BUS CORP.;11.600000000000001
2018/06/14;LEESEL TRANSPORTATION CORP (B2192);46.80000000000005;RELIANT TRANSPORTATION, INC (B2321);33.40000000000004;PIONEER TRANSPORTATION CORP;25.300000000000022;BORO TRANSIT, INC.;13.3;VAN TRANS LLC (B2192);11.999999999999998
2018/06/13;LEESEL TRANSPORTATION CORP (B2192);89.39999999999986;PIONEER TRANSPORTATION CORP;28.600000000000016;RELIANT TRANSPORTATION, INC (B2321);25.40000000000001;G.V.C., LTD.;15.7;JOFAZ TRANSPORTATION INC.;14.799999999999997
2018/06/15;LEESEL TRANSPORTATION CORP (B2192);12.599999999999994;G.V.C., LTD.;6.6;RELIANT TRANSPORTATION, INC (B2321);4.199999999999999;DON THOMAS BUSES, INC.;2.9999999999999996;SELBY TRANSPORTATION;2.4
2018/06/19;RELIANT TRANSPORTATION, INC (B2321);1.5;QUALITY TRANSPORTATION CORP.;1.2000000000000002;EMPIRE STATE BUS CORP.;0.6;ALLIED TRANSIT CORP.;0.6;SNT BUS INC;0.6
2018/06/25;RELIANT TRANSPORTATION, INC (B2321);18.199999999999996;LEESEL TRANSPORTATION CORP (B2192);12.599999999999996;PIONEER TRANSPORTATION CORP;11.9;VAN TRANS LLC (B2192);5.3999999999999995;NEW DAWN TRANSIT, LLC (B2321);4.500000000000001
2018/06/18;RELIANT TRANSPORTATION, INC (B2321);48.399999999999984;LEESEL TRANSPORTATION CORP (B2192);45.600000000000016;PIONEER TRANSPORTATION CORP;24.20000000000001;G.V.C., LTD.;16.500000000000004;SELBY TRANSPORTATION;14.399999999999995
2018/09/04;RELIANT TRANSPORTATION, INC (B2321);18.700000000000003;L & M BUS CORP.;3.8;BORO TRANSIT, INC.;3.4;SELBY TRANSPORTATION;3.0;PRIDE TRANSPORTATION (SCH AGE);1.7999999999999998
2018/09/05;RELIANT TRANSPORTATION, INC (B2321);62.8000000000001;PIONEER TRANSPORTATION CORP;21.400000000000023;NEW DAWN TRANSIT, LLC (B2321);15.999999999999998;HOYT TRANSPORTATION CORP.;13.200000000000008;BORO TRANSIT, INC.;12.200000000000001
2018/09/06;RELIANT TRANSPORTATION, INC (B2321);51.50000000000005;NEW DAWN TRANSIT, LLC (B2321);20.3;LEESEL TRANSPORTATION CORP (B2192);19.700000000000006;PIONEER TRANSPORTATION CORP;17.600000000000016;BORO TRANSIT, INC.;10.7
2018/09/07;RELIANT TRANSPORTATION, INC (B2321);37.90000000000005;LEESEL TRANSPORTATION CORP (B2192);22.700000000000014;NEW DAWN TRANSIT, LLC (B2321);18.6;PIONEER TRANSPORTATION CORP;11.4;BORO TRANSIT, INC.;7.1000000000000005
2018/09/10;RELIANT TRANSPORTATION, INC (B2321);2.2;SNT BUS INC;2.2;L & M BUS CORP.;1.8;BORO TRANSIT, INC.;1.7999999999999998;PIONEER TRANSPORTATION CORP;1.2
2018/09/11;SNT BUS INC;3.7;PIONEER TRANSPORTATION CORP;2.3;VAN TRANS LLC (B2192);1.2;G.V.C., LTD.;1.2;BORO TRANSIT, INC.;1.1
2018/09/14;LEESEL TRANSPORTATION CORP (B2192);118.99999999999957;RELIANT TRANSPORTATION, INC (B2321);42.700000000000045;NEW DAWN TRANSIT, LLC (B2321);16.200000000000003;SELBY TRANSPORTATION;15.999999999999995;PIONEER TRANSPORTATION CORP;12.900000000000007
2018/09/17;LEESEL TRANSPORTATION CORP (B2192);146.79999999999933;RELIANT TRANSPORTATION, INC (B2321);39.10000000000004;PIONEER TRANSPORTATION CORP;21.800000000000015;HOYT TRANSPORTATION CORP.;13.200000000000003;SELBY TRANSPORTATION;11.399999999999997
2018/09/13;LEESEL TRANSPORTATION CORP (B2192);103.59999999999965;RELIANT TRANSPORTATION, INC (B2321);62.20000000000009;PIONEER TRANSPORTATION CORP;21.50000000000001;BORO TRANSIT, INC.;20.799999999999997;HOYT TRANSPORTATION CORP.;18.400000000000016
2018/09/12;RELIANT TRANSPORTATION, INC (B2321);77.9;LEESEL TRANSPORTATION CORP (B2192);72.10000000000002;NEW DAWN TRANSIT, LLC (B2321);26.89999999999999;BORO TRANSIT, INC.;21.900000000000006;PIONEER TRANSPORTATION CORP;19.30000000000002
2018/09/18;LEESEL TRANSPORTATION CORP (B2192);56.90000000000007;RELIANT TRANSPORTATION, INC (B2321);15.399999999999995;G.V.C., LTD.;7.6999999999999975;PIONEER TRANSPORTATION CORP;7.499999999999997;SELBY TRANSPORTATION;6.3999999999999995
2018/09/21;LEESEL TRANSPORTATION CORP (B2192);42.300000000000054;RELIANT TRANSPORTATION, INC (B2321);11.199999999999996;SELBY TRANSPORTATION;10.199999999999998;PIONEER TRANSPORTATION CORP;5.099999999999998;BORO TRANSIT, INC.;4.8
2018/09/20;LEESEL TRANSPORTATION CORP (B2192);144.79999999999936;RELIANT TRANSPORTATION, INC (B2321);37.60000000000002;PIONEER TRANSPORTATION CORP;13.200000000000001;VAN TRANS LLC (B2192);12.999999999999996;L & M BUS CORP.;11.799999999999997
2018/09/19;PIONEER TRANSPORTATION CORP;1.0;BORO TRANSIT, INC.;0.6000000000000001;RELIANT TRANSPORTATION, INC (B2321);0.6;QUALITY TRANSPORTATION CORP.;0.4;G.V.C., LTD.;0.3
2018/09/24;LEESEL TRANSPORTATION CORP (B2192);136.19999999999942;RELIANT TRANSPORTATION, INC (B2321);29.600000000000023;PIONEER TRANSPORTATION CORP;13.200000000000001;SELBY TRANSPORTATION;12.599999999999996;G.V.C., LTD.;11.299999999999997
2018/09/27;LEESEL TRANSPORTATION CORP (B2192);40.30000000000005;RELIANT TRANSPORTATION, INC (B2321);20.399999999999995;G.V.C., LTD.;7.699999999999998;Y & M TRANSIT CORP (B2192);5.500000000000001;BORO TRANSIT, INC.;4.8
2018/09/26;LEESEL TRANSPORTATION CORP (B2192);46.90000000000006;RELIANT TRANSPORTATION, INC (B2321);13.499999999999996;SELBY TRANSPORTATION;10.799999999999997;G.V.C., LTD.;5.699999999999998;BORO TRANSIT, INC.;5.1000000000000005
2018/09/25;LEESEL TRANSPORTATION CORP (B2192);114.89999999999961;RELIANT TRANSPORTATION, INC (B2321);60.0000000000001;PIONEER TRANSPORTATION CORP;18.800000000000004;SELBY TRANSPORTATION;15.599999999999994;VAN TRANS LLC (B2192);13.100000000000001
2018/09/28;LEESEL TRANSPORTATION CORP (B2192);34.30000000000003;RELIANT TRANSPORTATION, INC (B2321);29.700000000000028;BORO TRANSIT, INC.;8.9;VAN TRANS LLC (B2192);5.7;SELBY TRANSPORTATION;5.3999999999999995
2018/10/03;LEESEL TRANSPORTATION CORP (B2192);50.60000000000007;RELIANT TRANSPORTATION, INC (B2321);12.799999999999997;PIONEER TRANSPORTATION CORP;8.099999999999998;LITTLE RICHIE BUS SERVICE;5.4;BORO TRANSIT, INC.;5.1000000000000005
2018/10/01;LEESEL TRANSPORTATION CORP (B2192);45.70000000000006;RELIANT TRANSPORTATION, INC (B2321);9.599999999999996;VAN TRANS LLC (B2192);4.3;Y & M TRANSIT CORP (B2192);4.199999999999999;PIONEER TRANSPORTATION CORP;3.899999999999999
2018/10/04;LEESEL TRANSPORTATION CORP (B2192);40.900000000000055;RELIANT TRANSPORTATION, INC (B2321);10.699999999999998;BORO TRANSIT, INC.;6.6;SNT BUS INC;4.7;PIONEER TRANSPORTATION CORP;4.399999999999999
2018/10/02;LEESEL TRANSPORTATION CORP (B2192);37.700000000000045;G.V.C., LTD.;4.699999999999999;Y & M TRANSIT CORP (B2192);4.3999999999999995;RELIANT TRANSPORTATION, INC (B2321);4.1;VAN TRANS LLC (B2192);2.5
2018/10/10;LEESEL TRANSPORTATION CORP (B2192);43.90000000000006;BORO TRANSIT, INC.;4.800000000000001;RELIANT TRANSPORTATION, INC (B2321);4.5;G.V.C., LTD.;3.2;SELBY TRANSPORTATION;3.0
2018/10/05;LEESEL TRANSPORTATION CORP (B2192);42.40000000000005;RELIANT TRANSPORTATION, INC (B2321);10.399999999999999;BORO TRANSIT, INC.;5.0;SELBY TRANSPORTATION;4.8;DON THOMAS BUSES, INC. (B2321);4.0
2018/10/11;LEESEL TRANSPORTATION CORP (B2192);45.000000000000064;LITTLE RICHIE BUS SERVICE;6.800000000000001;G.V.C., LTD.;5.3999999999999995;RELIANT TRANSPORTATION, INC (B2321);5.3999999999999995;BORO TRANSIT, INC.;5.3999999999999995
2018/10/16;LEESEL TRANSPORTATION CORP (B2192);148.29999999999933;RELIANT TRANSPORTATION, INC (B2321);54.20000000000007;LITTLE RICHIE BUS SERVICE;27.6;PIONEER TRANSPORTATION CORP;24.0;SELBY TRANSPORTATION;20.6
2018/10/09;LEESEL TRANSPORTATION CORP (B2192);46.400000000000055;RELIANT TRANSPORTATION, INC (B2321);15.799999999999995;BORO TRANSIT, INC.;13.3;PIONEER TRANSPORTATION CORP;4.999999999999998;VAN TRANS LLC (B2192);4.8999999999999995
2018/10/17;LEESEL TRANSPORTATION CORP (B2192);158.09999999999923;RELIANT TRANSPORTATION, INC (B2321);32.80000000000002;SELBY TRANSPORTATION;14.999999999999995;FIRST STEPS TRANS INC. (B2192);9.800000000000002;DON THOMAS BUSES, INC. (B2321);9.5
2018/10/12;LEESEL TRANSPORTATION CORP (B2192);42.60000000000006;RELIANT TRANSPORTATION, INC (B2321);14.499999999999995;PIONEER TRANSPORTATION CORP;5.6;SELBY TRANSPORTATION;5.3999999999999995;BORO TRANSIT, INC.;5.300000000000001
2018/10/22;LEESEL TRANSPORTATION CORP (B2192);106.79999999999968;RELIANT TRANSPORTATION, INC (B2321);22.900000000000013;BORO TRANSIT, INC.;19.299999999999997;NEW DAWN TRANSIT, LLC (B2321);15.400000000000007;SELBY TRANSPORTATION;14.399999999999995
2018/10/15;LEESEL TRANSPORTATION CORP (B2192);50.700000000000074;LORINDA ENTERPRISES, LTD.;11.4;RELIANT TRANSPORTATION, INC (B2321);10.999999999999998;PIONEER TRANSPORTATION CORP;8.9;VAN TRANS LLC (B2192);8.8
2018/10/23;LEESEL TRANSPORTATION CORP (B2192);113.89999999999964;RELIANT TRANSPORTATION, INC (B2321);26.700000000000017;G.V.C., LTD.;17.600000000000012;SELBY TRANSPORTATION;14.399999999999995;LITTLE RICHIE BUS SERVICE;8.500000000000002
2018/10/18;LEESEL TRANSPORTATION CORP (B2192);203.79999999999882;RELIANT TRANSPORTATION, INC (B2321);60.000000000000085;SELBY TRANSPORTATION;24.000000000000014;G.V.C., LTD.;20.70000000000001;PIONEER TRANSPORTATION CORP;16.200000000000014
2018/10/19;LEESEL TRANSPORTATION CORP (B2192);210.39999999999876;RELIANT TRANSPORTATION, INC (B2321);43.60000000000003;PIONEER TRANSPORTATION CORP;28.80000000000002;G.V.C., LTD.;26.600000000000012;SELBY TRANSPORTATION;25.200000000000017
2018/10/25;LEESEL TRANSPORTATION CORP (B2192);112.79999999999961;RELIANT TRANSPORTATION, INC (B2321);35.60000000000002;G.V.C., LTD.;14.100000000000001;BORO TRANSIT, INC.;11.799999999999999;SNT BUS INC;9.499999999999996
2018/10/24;LEESEL TRANSPORTATION CORP (B2192);105.29999999999968;RELIANT TRANSPORTATION, INC (B2321);34.00000000000003;PIONEER TRANSPORTATION CORP;16.800000000000015;G.V.C., LTD.;15.199999999999996;SELBY TRANSPORTATION;14.999999999999995
2018/10/26;LEESEL TRANSPORTATION CORP (B2192);107.39999999999968;NEW DAWN TRANSIT, LLC (B2321);28.799999999999965;RELIANT TRANSPORTATION, INC (B2321);25.1;G.V.C., LTD.;22.70000000000001;SELBY TRANSPORTATION;12.599999999999996
2018/10/29;LEESEL TRANSPORTATION CORP (B2192);112.59999999999964;RELIANT TRANSPORTATION, INC (B2321);33.90000000000002;VAN TRANS LLC (B2192);16.9;G.V.C., LTD.;16.499999999999996;SELBY TRANSPORTATION;15.599999999999994
2018/10/30;LEESEL TRANSPORTATION CORP (B2192);103.7999999999997;RELIANT TRANSPORTATION, INC (B2321);30.400000000000027;G.V.C., LTD.;18.1;SELBY TRANSPORTATION;16.599999999999994;LITTLE RICHIE BUS SERVICE;13.0
2018/10/31;LEESEL TRANSPORTATION CORP (B2192);103.99999999999972;RELIANT TRANSPORTATION, INC (B2321);31.50000000000003;SELBY TRANSPORTATION;21.000000000000007;G.V.C., LTD.;18.099999999999998;BORO TRANSIT, INC.;14.4
2018/11/02;LEESEL TRANSPORTATION CORP (B2192);107.09999999999967;RELIANT TRANSPORTATION, INC (B2321);33.10000000000003;G.V.C., LTD.;20.400000000000002;SELBY TRANSPORTATION;17.4;BORO TRANSIT, INC.;15.599999999999998
2018/11/01;LEESEL TRANSPORTATION CORP (B2192);102.79999999999971;RELIANT TRANSPORTATION, INC (B2321);25.100000000000016;SELBY TRANSPORTATION;15.599999999999994;G.V.C., LTD.;12.899999999999997;PIONEER TRANSPORTATION CORP;11.299999999999999
2018/11/05;LEESEL TRANSPORTATION CORP (B2192);212.59999999999866;RELIANT TRANSPORTATION, INC (B2321);64.20000000000009;G.V.C., LTD.;26.90000000000002;BORO TRANSIT, INC.;25.600000000000012;SELBY TRANSPORTATION;20.400000000000006
2018/11/04;GRANDPA`S BUS CO., INC.;0.3
2018/11/06;LEESEL TRANSPORTATION CORP (B2192);144.79999999999936;RELIANT TRANSPORTATION, INC (B2321);13.199999999999996;BORO TRANSIT, INC.;4.0;PIONEER TRANSPORTATION CORP;3.6999999999999993;SNT BUS INC;2.6
2018/11/07;LEESEL TRANSPORTATION CORP (B2192);141.89999999999935;RELIANT TRANSPORTATION, INC (B2321);52.50000000000004;SNT BUS INC;16.800000000000008;SELBY TRANSPORTATION;16.199999999999996;FIRST STEPS TRANS INC. (B2192);12.5
2018/11/08;LEESEL TRANSPORTATION CORP (B2192);131.09999999999948;SELBY TRANSPORTATION;23.20000000000001;RELIANT TRANSPORTATION, INC (B2321);22.800000000000008;G.V.C., LTD.;21.200000000000014;PIONEER TRANSPORTATION CORP;12.899999999999999
2018/11/09;LEESEL TRANSPORTATION CORP (B2192);165.19999999999914;G.V.C., LTD.;23.80000000000002;RELIANT TRANSPORTATION, INC (B2321);23.50000000000001;SELBY TRANSPORTATION;22.20000000000001;PIONEER TRANSPORTATION CORP;17.50000000000001
2018/11/12;SELBY TRANSPORTATION;2.4
2018/11/13;LEESEL TRANSPORTATION CORP (B2192);282.1999999999993;RELIANT TRANSPORTATION, INC (B2321);126.99999999999953;ALLIED TRANSIT CORP.;35.400000000000006;PIONEER TRANSPORTATION CORP;34.00000000000003;BORO TRANSIT, INC.;31.20000000000001
2018/11/14;LEESEL TRANSPORTATION CORP (B2192);166.69999999999916;RELIANT TRANSPORTATION, INC (B2321);42.60000000000003;SELBY TRANSPORTATION;21.60000000000001;PIONEER TRANSPORTATION CORP;19.400000000000013;BORO TRANSIT, INC.;15.7
2018/11/15;LEESEL TRANSPORTATION CORP (B2192);136.29999999999941;RELIANT TRANSPORTATION, INC (B2321);37.79999999999996;PIONEER TRANSPORTATION CORP;28.499999999999968;BORO TRANSIT, INC.;25.19999999999999;SELBY TRANSPORTATION;18.900000000000002
2018/11/16;LEESEL TRANSPORTATION CORP (B2192);141.19999999999956;RELIANT TRANSPORTATION, INC (B2321);83.19999999999996;PIONEER TRANSPORTATION CORP;53.49999999999996;SELBY TRANSPORTATION;37.200000000000045;BORO TRANSIT, INC.;34.50000000000001
2018/11/19;LEESEL TRANSPORTATION CORP (B2192);234.7999999999985;RELIANT TRANSPORTATION, INC (B2321);78.59999999999994;BORO TRANSIT, INC.;36.39999999999999;SELBY TRANSPORTATION;34.80000000000004;PIONEER TRANSPORTATION CORP;32.900000000000034
2018/11/20;LEESEL TRANSPORTATION CORP (B2192);208.99999999999875;RELIANT TRANSPORTATION, INC (B2321);49.20000000000007;SELBY TRANSPORTATION;33.20000000000003;PRIDE TRANSPORTATION (SCH AGE);18.4;BORO TRANSIT, INC.;18.000000000000004
2018/11/21;LEESEL TRANSPORTATION CORP (B2192);155.19999999999928;RELIANT TRANSPORTATION, INC (B2321);47.80000000000003;SELBY TRANSPORTATION;30.60000000000003;BORO TRANSIT, INC.;27.70000000000001;PIONEER TRANSPORTATION CORP;19.80000000000001
2018/11/23;B & F SKILLED INC.(B2192);0.6
2018/11/26;LEESEL TRANSPORTATION CORP (B2192);231.99999999999855;RELIANT TRANSPORTATION, INC (B2321);47.60000000000006;SELBY TRANSPORTATION;31.20000000000003;BORO TRANSIT, INC.;30.100000000000016;PIONEER TRANSPORTATION CORP;24.300000000000026
2018/11/27;LEESEL TRANSPORTATION CORP (B2192);220.79999999999862;RELIANT TRANSPORTATION, INC (B2321);67.90000000000003;SELBY TRANSPORTATION;31.20000000000003;PIONEER TRANSPORTATION CORP;17.50000000000001;BORO TRANSIT, INC.;16.699999999999996
2018/11/28;LEESEL TRANSPORTATION CORP (B2192);232.99999999999852;RELIANT TRANSPORTATION, INC (B2321);35.100000000000016;SELBY TRANSPORTATION;29.400000000000027;BORO TRANSIT, INC.;22.699999999999996;PIONEER TRANSPORTATION CORP;19.000000000000014
2018/11/29;LEESEL TRANSPORTATION CORP (B2192);234.59999999999852;RELIANT TRANSPORTATION, INC (B2321);45.40000000000004;SELBY TRANSPORTATION;33.000000000000036;BORO TRANSIT, INC.;27.700000000000014;PIONEER TRANSPORTATION CORP;24.60000000000001
2018/11/30;LEESEL TRANSPORTATION CORP (B2192);188.89999999999895;RELIANT TRANSPORTATION, INC (B2321);41.80000000000004;BORO TRANSIT, INC.;29.900000000000016;SELBY TRANSPORTATION;25.80000000000002;PIONEER TRANSPORTATION CORP;19.20000000000001
2018/12/05;LEESEL TRANSPORTATION CORP (B2192);1.2;G.V.C., LTD.;1.2;NEW DAWN TRANSIT, LLC (B2321);0.8;L & M BUS CORP.;0.4;PIONEER TRANSPORTATION CORP;0.3
2018/12/11;G.V.C., LTD.;0.7;SELBY TRANSPORTATION;0.6;BORO TRANSIT, INC.;0.6;L & M BUS CORP (A);0.6;DON THOMAS BUSES, INC.;0.3
2018/12/04;G.V.C., LTD.;3.1;SELBY TRANSPORTATION;1.7999999999999998;EMPIRE STATE BUS CORP.;0.6;LORINDA ENTERPRISES, LTD.;0.6;PIONEER TRANSPORTATION CORP;0.6
2018/12/06;SELBY TRANSPORTATION;0.6;LEESEL TRANSPORTATION CORP (B2192);0.6;LITTLE LISA BUS CO. INC.;0.6;L & M BUS CORP.;0.4;HOYT TRANSPORTATION CORP.;0.3
2018/12/03;LEESEL TRANSPORTATION CORP (B2192);56.70000000000008;RELIANT TRANSPORTATION, INC (B2321);13.099999999999998;PIONEER TRANSPORTATION CORP;11.400000000000006;DON THOMAS BUSES, INC. (B2321);9.499999999999998;BORO TRANSIT, INC.;8.099999999999998
2018/12/10;SELBY TRANSPORTATION;1.2;ALINA SERVICES CORP.;0.4;BORO TRANSIT, INC.;0.4;Y & M TRANSIT CORP (B2192);0.4;L & M BUS CORP.;0.4
2018/12/17;ALL COUNTY BUS LLC (B2321);0.4;L & M BUS CORP.;0.4;G.V.C., LTD.;0.3;SNT BUS INC;0.2
2018/12/12;SELBY TRANSPORTATION;0.6;G.V.C., LTD.;0.4
2018/12/07;LEESEL TRANSPORTATION CORP (B2192);1.2;NEW DAWN TRANSIT, LLC (B2321);1.0;G.V.C., LTD.;0.6;PHILLIPS BUS SERVICE;0.5;VAN TRANS LLC (B2192);0.4
2018/12/21;SELBY TRANSPORTATION;1.7999999999999998;G.V.C., LTD.;1.5;LEESEL TRANSPORTATION CORP (B2192);0.6;L & M BUS CORP.;0.4
2018/12/14;G.V.C., LTD.;1.2;LITTLE LISA BUS CO. INC.;0.6;DON THOMAS BUSES, INC. (B2321);0.6;RELIANT TRANSPORTATION, INC (B2321);0.6;L & M BUS CORP.;0.4
2018/12/18;G.V.C., LTD.;1.4;BORO TRANSIT, INC.;0.6
2018/12/13;G.V.C., LTD.;1.0;L & M BUS CORP.;0.4
2018/12/20;G.V.C., LTD.;1.8;SELBY TRANSPORTATION;0.6;PIONEER TRANSPORTATION CORP;0.6;LOGAN BUS COMPANY INC.;0.4
2019/01/04;LEESEL TRANSPORTATION CORP (B2192);103.19999999999969;SELBY TRANSPORTATION;15.599999999999994;NEW DAWN TRANSIT, LLC (B2321);12.200000000000005;RELIANT TRANSPORTATION, INC (B2321);11.499999999999998;PIONEER TRANSPORTATION CORP;8.799999999999999
2018/12/26;VAN TRANS LLC (B2192);0.4
2018/12/19;G.V.C., LTD.;1.1;VAN TRANS LLC (B2192);0.7;MJT BUS COMPANY, INC;0.4;SNT BUS INC;0.4;PRIDE TRANSPORTATION (SCH AGE);0.2
2019/01/03;LEESEL TRANSPORTATION CORP (B2192);6.599999999999999;RELIANT TRANSPORTATION, INC (B2321);3.4;VAN TRANS LLC (B2192);2.0;LORINDA ENTERPRISES, LTD.;1.7999999999999998;LOGAN BUS COMPANY INC.;1.7999999999999998
2019/01/02;SELBY TRANSPORTATION;1.2;VAN TRANS LLC (B2192);0.6;NEW DAWN TRANSIT, LLC (B2321);0.4;L & M BUS CORP.;0.4;I & Y TRANSIT CORP;0.4
2019/01/07;LEESEL TRANSPORTATION CORP (B2192);102.09999999999971;NEW DAWN TRANSIT, LLC (B2321);15.900000000000004;RELIANT TRANSPORTATION, INC (B2321);15.399999999999999;SELBY TRANSPORTATION;13.199999999999996;BORO TRANSIT, INC.;9.7
2019/01/10;LEESEL TRANSPORTATION CORP (B2192);113.09999999999961;RELIANT TRANSPORTATION, INC (B2321);22.00000000000001;NEW DAWN TRANSIT, LLC (B2321);14.900000000000007;SELBY TRANSPORTATION;13.799999999999995;G.V.C., LTD.;9.700000000000001
2019/01/09;LEESEL TRANSPORTATION CORP (B2192);116.6999999999996;RELIANT TRANSPORTATION, INC (B2321);24.200000000000014;SELBY TRANSPORTATION;14.399999999999995;NEW DAWN TRANSIT, LLC (B2321);10.600000000000005;BORO TRANSIT, INC.;7.400000000000002
2019/01/08;LEESEL TRANSPORTATION CORP (B2192);112.89999999999962;RELIANT TRANSPORTATION, INC (B2321);35.30000000000004;SELBY TRANSPORTATION;17.199999999999996;PIONEER TRANSPORTATION CORP;11.300000000000004;BORO TRANSIT, INC.;9.9
2019/01/14;LEESEL TRANSPORTATION CORP (B2192);110.69999999999966;RELIANT TRANSPORTATION, INC (B2321);27.30000000000002;SELBY TRANSPORTATION;13.799999999999995;PIONEER TRANSPORTATION CORP;11.800000000000004;NEW DAWN TRANSIT, LLC (B2321);11.400000000000004
2019/01/11;LEESEL TRANSPORTATION CORP (B2192);96.69999999999978;RELIANT TRANSPORTATION, INC (B2321);24.30000000000001;BORO TRANSIT, INC.;19.200000000000006;NEW DAWN TRANSIT, LLC (B2321);13.500000000000004;SELBY TRANSPORTATION;13.199999999999996
2019/01/15;LEESEL TRANSPORTATION CORP (B2192);103.29999999999971;RELIANT TRANSPORTATION, INC (B2321);24.800000000000015;SELBY TRANSPORTATION;17.4;G.V.C., LTD.;7.800000000000001;PIONEER TRANSPORTATION CORP;7.1999999999999975
2019/01/16;LEESEL TRANSPORTATION CORP (B2192);62.00000000000009;RELIANT TRANSPORTATION, INC (B2321);20.4;SELBY TRANSPORTATION;14.799999999999994;BORO TRANSIT, INC.;12.8;NEW DAWN TRANSIT, LLC (B2321);11.300000000000004
2019/01/18;LEESEL TRANSPORTATION CORP (B2192);102.09999999999972;RELIANT TRANSPORTATION, INC (B2321);20.400000000000002;SELBY TRANSPORTATION;13.799999999999995;BORO TRANSIT, INC.;12.899999999999997;NEW DAWN TRANSIT, LLC (B2321);12.200000000000006
2019/01/22;LEESEL TRANSPORTATION CORP (B2192);117.99999999999959;RELIANT TRANSPORTATION, INC (B2321);38.10000000000002;PIONEER TRANSPORTATION CORP;20.000000000000018;SELBY TRANSPORTATION;17.799999999999997;BORO TRANSIT, INC.;17.2
2019/01/17;LEESEL TRANSPORTATION CORP (B2192);107.69999999999966;SELBY TRANSPORTATION;16.799999999999997;NEW DAWN TRANSIT, LLC (B2321);13.100000000000007;RELIANT TRANSPORTATION, INC (B2321);12.5;BORO TRANSIT, INC.;7.5
2019/01/24;LEESEL TRANSPORTATION CORP (B2192);113.69999999999959;RELIANT TRANSPORTATION, INC (B2321);33.30000000000003;SELBY TRANSPORTATION;12.599999999999996;G.V.C., LTD.;7.099999999999999;BORO TRANSIT, INC.;7.000000000000001
2019/01/23;LEESEL TRANSPORTATION CORP (B2192);113.09999999999961;RELIANT TRANSPORTATION, INC (B2321);21.200000000000006;SELBY TRANSPORTATION;14.999999999999995;BORO TRANSIT, INC.;10.199999999999998;PIONEER TRANSPORTATION CORP;5.199999999999999
2019/01/25;LEESEL TRANSPORTATION CORP (B2192);178.499999999999;RELIANT TRANSPORTATION, INC (B2321);36.80000000000004;SELBY TRANSPORTATION;27.600000000000023;G.V.C., LTD.;23.800000000000008;BORO TRANSIT, INC.;10.500000000000002
2019/01/28;LEESEL TRANSPORTATION CORP (B2192);237.9999999999985;RELIANT TRANSPORTATION, INC (B2321);49.70000000000003;G.V.C., LTD.;35.5;SELBY TRANSPORTATION;34.20000000000004;BORO TRANSIT, INC.;21.299999999999997
2019/01/29;LEESEL TRANSPORTATION CORP (B2192);237.19999999999857;RELIANT TRANSPORTATION, INC (B2321);55.80000000000004;SELBY TRANSPORTATION;39.00000000000005;G.V.C., LTD.;24.600000000000016;LITTLE RICHIE BUS SERVICE;20.9
2019/01/30;LEESEL TRANSPORTATION CORP (B2192);247.5999999999984;RELIANT TRANSPORTATION, INC (B2321);43.40000000000002;SELBY TRANSPORTATION;35.40000000000004;PIONEER TRANSPORTATION CORP;26.60000000000001;G.V.C., LTD.;20.2
2019/01/31;LEESEL TRANSPORTATION CORP (B2192);243.39999999999844;RELIANT TRANSPORTATION, INC (B2321);59.60000000000011;BORO TRANSIT, INC.;55.699999999999946;PIONEER TRANSPORTATION CORP;50.39999999999996;SNT BUS INC;45.19999999999995
2019/02/01;LEESEL TRANSPORTATION CORP (B2192);246.49999999999847;RELIANT TRANSPORTATION, INC (B2321);51.000000000000064;SELBY TRANSPORTATION;31.800000000000033;PIONEER TRANSPORTATION CORP;28.900000000000013;SNT BUS INC;17.2
2019/02/05;LEESEL TRANSPORTATION CORP (B2192);43.800000000000054;RELIANT TRANSPORTATION, INC (B2321);8.599999999999998;BORO TRANSIT, INC.;7.8;PIONEER TRANSPORTATION CORP;6.899999999999999;SELBY TRANSPORTATION;5.999999999999999
2019/02/04;LEESEL TRANSPORTATION CORP (B2192);245.4999999999984;RELIANT TRANSPORTATION, INC (B2321);51.40000000000007;PIONEER TRANSPORTATION CORP;47.89999999999993;G.V.C., LTD.;34.50000000000003;SELBY TRANSPORTATION;33.000000000000036
2019/02/06;LEESEL TRANSPORTATION CORP (B2192);229.89999999999856;RELIANT TRANSPORTATION, INC (B2321);42.600000000000016;SELBY TRANSPORTATION;33.000000000000036;PIONEER TRANSPORTATION CORP;22.700000000000017;G.V.C., LTD.;22.600000000000016
2019/02/07;LEESEL TRANSPORTATION CORP (B2192);176.9999999999991;RELIANT TRANSPORTATION, INC (B2321);52.600000000000065;SELBY TRANSPORTATION;21.000000000000007;G.V.C., LTD.;16.999999999999996;PIONEER TRANSPORTATION CORP;14.199999999999996
2019/02/08;LEESEL TRANSPORTATION CORP (B2192);114.59999999999964;RELIANT TRANSPORTATION, INC (B2321);30.00000000000001;SELBY TRANSPORTATION;18.6;G.V.C., LTD.;15.899999999999997;BORO TRANSIT, INC.;11.8
2019/02/11;LEESEL TRANSPORTATION CORP (B2192);111.99999999999962;RELIANT TRANSPORTATION, INC (B2321);40.10000000000004;BORO TRANSIT, INC.;21.800000000000008;G.V.C., LTD.;21.000000000000004;SELBY TRANSPORTATION;16.799999999999997
2019/02/12;LEESEL TRANSPORTATION CORP (B2192);115.29999999999964;SELBY TRANSPORTATION;21.000000000000007;RELIANT TRANSPORTATION, INC (B2321);18.900000000000002;PIONEER TRANSPORTATION CORP;9.299999999999997;SNT BUS INC;7.6
2019/02/13;LEESEL TRANSPORTATION CORP (B2192);137.4999999999994;RELIANT TRANSPORTATION, INC (B2321);37.10000000000005;SELBY TRANSPORTATION;19.6;G.V.C., LTD.;15.600000000000003;BORO TRANSIT, INC.;12.699999999999998
2019/02/14;LEESEL TRANSPORTATION CORP (B2192);118.79999999999957;G.V.C., LTD.;23.900000000000013;SELBY TRANSPORTATION;20.800000000000004;RELIANT TRANSPORTATION, INC (B2321);20.4;SNT BUS INC;10.800000000000002
2019/02/20;SNT BUS INC;2.8000000000000003;G.V.C. LTD. (B2192);1.4000000000000001;SELBY TRANSPORTATION;1.2;THOMAS BUSES, INC.;0.9;B & F SKILLED INC.(B2192);0.4
2019/02/19;SELBY TRANSPORTATION;1.2;G.V.C., LTD.;0.8;B & F SKILLED INC.(B2192);0.5;I & Y TRANSIT CORP;0.4;L & M BUS CORP (A);0.3
2019/02/21;SELBY TRANSPORTATION;1.2;PIONEER TRANSPORTATION CORP;1.1;EMPIRE STATE BUS CORP.;1.0;RELIANT TRANSPORTATION, INC (B2321);0.4;LEESEL TRANSPORTATION CORP (B2192);0.3
2019/02/15;LEESEL TRANSPORTATION CORP (B2192);116.3999999999996;RELIANT TRANSPORTATION, INC (B2321);22.200000000000006;SELBY TRANSPORTATION;21.000000000000007;G.V.C., LTD.;20.3;PIONEER TRANSPORTATION CORP;9.900000000000002
2019/02/22;SELBY TRANSPORTATION;1.2;SNT BUS INC;0.8999999999999999;I & Y TRANSIT CORP;0.8;L & M BUS CORP.;0.4;HOYT TRANSPORTATION CORP.;0.3
2019/02/25;LEESEL TRANSPORTATION CORP (B2192);126.29999999999951;RELIANT TRANSPORTATION, INC (B2321);42.400000000000034;SELBY TRANSPORTATION;20.800000000000004;PIONEER TRANSPORTATION CORP;20.100000000000016;BORO TRANSIT, INC.;15.3
2019/02/26;LEESEL TRANSPORTATION CORP (B2192);100.69999999999972;RELIANT TRANSPORTATION, INC (B2321);26.400000000000016;SELBY TRANSPORTATION;20.400000000000006;PIONEER TRANSPORTATION CORP;14.90000000000001;BORO TRANSIT, INC.;14.599999999999998
2019/02/27;LEESEL TRANSPORTATION CORP (B2192);120.19999999999953;SELBY TRANSPORTATION;21.000000000000007;RELIANT TRANSPORTATION, INC (B2321);20.400000000000002;PIONEER TRANSPORTATION CORP;10.7;G.V.C., LTD.;10.4
2019/02/28;LEESEL TRANSPORTATION CORP (B2192);123.09999999999955;RELIANT TRANSPORTATION, INC (B2321);31.200000000000024;SELBY TRANSPORTATION;22.20000000000001;G.V.C., LTD.;14.799999999999997;BORO TRANSIT, INC.;11.5
2019/03/01;LEESEL TRANSPORTATION CORP (B2192);130.19999999999945;RELIANT TRANSPORTATION, INC (B2321);48.20000000000005;SELBY TRANSPORTATION;22.80000000000001;PIONEER TRANSPORTATION CORP;15.00000000000001;G.V.C., LTD.;13.300000000000004
2019/03/06;LEESEL TRANSPORTATION CORP (B2192);124.79999999999949;RELIANT TRANSPORTATION, INC (B2321);21.200000000000003;SELBY TRANSPORTATION;19.0;G.V.C., LTD.;14.399999999999999;G.V.C. LTD. (B2192);10.600000000000003
2019/03/05;LEESEL TRANSPORTATION CORP (B2192);131.99999999999946;RELIANT TRANSPORTATION, INC (B2321);35.00000000000004;SELBY TRANSPORTATION;21.60000000000001;PIONEER TRANSPORTATION CORP;14.60000000000001;BORO TRANSIT, INC.;14.399999999999999
2019/03/07;LEESEL TRANSPORTATION CORP (B2192);87.09999999999985;RELIANT TRANSPORTATION, INC (B2321);32.800000000000026;SELBY TRANSPORTATION;17.4;G.V.C., LTD.;11.500000000000002;BORO TRANSIT, INC.;10.399999999999999
2019/03/11;LEESEL TRANSPORTATION CORP (B2192);114.69999999999965;RELIANT TRANSPORTATION, INC (B2321);35.80000000000004;SELBY TRANSPORTATION;19.800000000000004;LITTLE RICHIE BUS SERVICE;15.200000000000001;BORO TRANSIT, INC.;14.999999999999996
2019/03/08;LEESEL TRANSPORTATION CORP (B2192);118.29999999999957;RELIANT TRANSPORTATION, INC (B2321);26.100000000000012;SELBY TRANSPORTATION;20.200000000000003;G.V.C., LTD.;12.100000000000003;PIONEER TRANSPORTATION CORP;11.2
2019/03/12;LEESEL TRANSPORTATION CORP (B2192);122.69999999999952;RELIANT TRANSPORTATION, INC (B2321);31.00000000000002;SELBY TRANSPORTATION;19.800000000000004;BORO TRANSIT, INC.;17.899999999999995;G.V.C., LTD.;8.5
2019/03/13;LEESEL TRANSPORTATION CORP (B2192);120.09999999999955;RELIANT TRANSPORTATION, INC (B2321);20.600000000000005;SELBY TRANSPORTATION;19.199999999999996;ALLIED TRANSIT CORP.;8.399999999999997;G.V.C. LTD. (B2192);7.799999999999999
2019/03/14;LEESEL TRANSPORTATION CORP (B2192);46.600000000000065;DON THOMAS BUSES, INC. (B2321);4.6;EMPIRE STATE BUS CORP.;4.3;SELBY TRANSPORTATION;4.2;EMPIRE CHARTER SERVICE INC;3.0
2019/03/15;LEESEL TRANSPORTATION CORP (B2192);101.99999999999974;RELIANT TRANSPORTATION, INC (B2321);29.40000000000002;SELBY TRANSPORTATION;13.799999999999995;HOYT TRANSPORTATION CORP.;11.3;BORO TRANSIT, INC.;11.000000000000002
2019/03/18;LEESEL TRANSPORTATION CORP (B2192);113.79999999999961;RELIANT TRANSPORTATION, INC (B2321);33.40000000000003;SELBY TRANSPORTATION;19.6;BORO TRANSIT, INC.;11.3;G.V.C., LTD.;10.399999999999995
2019/03/19;LEESEL TRANSPORTATION CORP (B2192);109.89999999999968;RELIANT TRANSPORTATION, INC (B2321);24.300000000000008;SELBY TRANSPORTATION;18.6;BORO TRANSIT, INC.;12.700000000000003;G.V.C., LTD.;11.7
2019/03/21;LEESEL TRANSPORTATION CORP (B2192);101.29999999999973;RELIANT TRANSPORTATION, INC (B2321);27.40000000000001;SELBY TRANSPORTATION;17.099999999999998;ALLIED TRANSIT CORP.;12.200000000000001;G.V.C., LTD.;10.2
2019/03/22;LEESEL TRANSPORTATION CORP (B2192);113.9999999999996;RELIANT TRANSPORTATION, INC (B2321);43.200000000000045;PIONEER TRANSPORTATION CORP;14.600000000000009;G.V.C., LTD.;13.499999999999996;ALLIED TRANSIT CORP.;11.600000000000005
2019/03/20;LEESEL TRANSPORTATION CORP (B2192);105.69999999999969;RELIANT TRANSPORTATION, INC (B2321);22.200000000000006;SELBY TRANSPORTATION;14.699999999999994;G.V.C., LTD.;11.599999999999998;BORO TRANSIT, INC.;9.000000000000004
2019/03/27;LEESEL TRANSPORTATION CORP (B2192);67.00000000000006;RELIANT TRANSPORTATION, INC (B2321);17.599999999999994;SELBY TRANSPORTATION;13.599999999999994;PIONEER TRANSPORTATION CORP;12.500000000000004;BORO TRANSIT, INC.;10.400000000000002
2019/03/25;LEESEL TRANSPORTATION CORP (B2192);110.99999999999966;RELIANT TRANSPORTATION, INC (B2321);30.20000000000002;BORO TRANSIT, INC.;16.9;SELBY TRANSPORTATION;14.799999999999995;PIONEER TRANSPORTATION CORP;12.6
2019/03/28;LEESEL TRANSPORTATION CORP (B2192);48.20000000000007;RELIANT TRANSPORTATION, INC (B2321);20.600000000000005;ALLIED TRANSIT CORP.;12.299999999999999;SELBY TRANSPORTATION;11.999999999999996;G.V.C. LTD. (B2192);10.500000000000002
2019/03/26;LEESEL TRANSPORTATION CORP (B2192);114.4999999999996;RELIANT TRANSPORTATION, INC (B2321);33.400000000000034;SELBY TRANSPORTATION;15.599999999999994;BORO TRANSIT, INC.;12.499999999999998;ALLIED TRANSIT CORP.;10.200000000000001
2019/03/29;LEESEL TRANSPORTATION CORP (B2192);43.300000000000054;RELIANT TRANSPORTATION, INC (B2321);25.900000000000013;SELBY TRANSPORTATION;13.199999999999996;ALLIED TRANSIT CORP.;11.499999999999996;BORO TRANSIT, INC.;8.200000000000001
2019/04/02;LEESEL TRANSPORTATION CORP (B2192);47.70000000000007;RELIANT TRANSPORTATION, INC (B2321);31.00000000000003;PIONEER TRANSPORTATION CORP;18.3;BORO TRANSIT, INC.;18.099999999999998;SELBY TRANSPORTATION;11.999999999999996
2019/04/01;LEESEL TRANSPORTATION CORP (B2192);54.60000000000008;RELIANT TRANSPORTATION, INC (B2321);37.000000000000036;BORO TRANSIT, INC.;14.400000000000002;G.V.C., LTD.;12.1;SELBY TRANSPORTATION;11.399999999999997
2019/04/03;LEESEL TRANSPORTATION CORP (B2192);52.20000000000009;RELIANT TRANSPORTATION, INC (B2321);31.80000000000003;ALLIED TRANSIT CORP.;13.800000000000004;SELBY TRANSPORTATION;12.399999999999995;PIONEER TRANSPORTATION CORP;10.699999999999998
2019/04/04;LEESEL TRANSPORTATION CORP (B2192);63.7000000000001;RELIANT TRANSPORTATION, INC (B2321);30.600000000000023;PIONEER TRANSPORTATION CORP;15.100000000000001;BORO TRANSIT, INC.;11.299999999999999;SELBY TRANSPORTATION;10.799999999999997
2019/04/05;LEESEL TRANSPORTATION CORP (B2192);48.00000000000007;RELIANT TRANSPORTATION, INC (B2321);24.500000000000007;PIONEER TRANSPORTATION CORP;11.100000000000003;SELBY TRANSPORTATION;9.599999999999998;ALLIED TRANSIT CORP.;8.799999999999997
2019/04/08;LEESEL TRANSPORTATION CORP (B2192);43.00000000000005;RELIANT TRANSPORTATION, INC (B2321);30.600000000000026;PIONEER TRANSPORTATION CORP;14.100000000000001;BORO TRANSIT, INC.;10.400000000000002;SELBY TRANSPORTATION;10.199999999999998
2019/04/11;LEESEL TRANSPORTATION CORP (B2192);43.20000000000006;RELIANT TRANSPORTATION, INC (B2321);23.199999999999996;SNT BUS INC;12.900000000000002;SELBY TRANSPORTATION;12.599999999999996;PIONEER TRANSPORTATION CORP;11.899999999999999
2019/04/10;LEESEL TRANSPORTATION CORP (B2192);46.20000000000007;RELIANT TRANSPORTATION, INC (B2321);32.200000000000024;PIONEER TRANSPORTATION CORP;15.100000000000005;SELBY TRANSPORTATION;13.799999999999995;G.V.C., LTD.;10.2
2019/04/09;LEESEL TRANSPORTATION CORP (B2192);50.800000000000054;RELIANT TRANSPORTATION, INC (B2321);44.50000000000005;PIONEER TRANSPORTATION CORP;19.900000000000013;BORO TRANSIT, INC.;12.099999999999998;G.V.C., LTD.;11.399999999999999
2019/04/12;LEESEL TRANSPORTATION CORP (B2192);14.7;RELIANT TRANSPORTATION, INC (B2321);4.999999999999999;EMPIRE STATE BUS CORP.;4.799999999999999;NEW DAWN TRANSIT, LLC (B2321);2.8;PIONEER TRANSPORTATION CORP;2.0
2019/04/16;G.V.C., LTD.;0.8999999999999999;LITTLE RICHIE BUS SERVICE;0.6;L & M BUS CORP.;0.4;G.V.C. LTD. (B2192);0.4;MUTUAL BUS CORP. (B2321);0.3
2019/04/17;L & M BUS CORP (A);0.8;L & M BUS CORP.;0.8;G.V.C., LTD.;0.6;JOFAZ TRANSPORTATION INC.;0.2
2019/04/15;G.V.C., LTD.;0.8;SELBY TRANSPORTATION;0.6;LEESEL TRANSPORTATION CORP (B2192);0.6;THOMAS BUSES, INC.;0.6;CONSOLIDATED BUS TRANSIT, INC.;0.4
2019/04/24;G.V.C., LTD.;0.2;SNT BUS INC;0.2
2019/04/18;SELBY TRANSPORTATION;0.6;LEESEL TRANSPORTATION CORP (B2192);0.6;G.V.C., LTD.;0.6;EMPIRE STATE BUS CORP.;0.3
2019/04/22;G.V.C., LTD.;0.6
2019/04/29;G.V.C., LTD.;0.6
2019/05/02;SELBY TRANSPORTATION;1.2;GRANDPA`S BUS CO., INC.;0.6;G.V.C., LTD.;0.6;EMPIRE STATE BUS CORP.;0.2
2019/04/30;FIRST STEPS TRANS, INC;0.4;BORO TRANSIT, INC.;0.3;DON THOMAS BUSES, INC.;0.3;THOMAS BUSES, INC.;0.3;SNT BUS INC;0.3
2019/05/01;G.V.C., LTD.;1.5;DON THOMAS BUSES, INC.;0.6;ANOTHER RIDE INC.;0.6;MJT BUS COMPANY, INC;0.4;L & M BUS CORP.;0.4
2019/05/03;SELBY TRANSPORTATION;1.2;G.V.C., LTD.;1.0;NEW DAWN TRANSIT, LLC (B2321);0.4;DON THOMAS BUSES, INC.;0.3;ALLIED TRANSIT CORP.;0.3
2019/05/08;G.V.C., LTD.;1.6;L & M BUS CORP.;0.4;G.V.C. LTD. (B2192);0.4;EMPIRE CHARTER SERVICE INC;0.4;DON THOMAS BUSES, INC.;0.3
2019/05/07;G.V.C., LTD.;1.2;SELBY TRANSPORTATION;0.6;PIONEER TRANSPORTATION CORP;0.3
2019/05/06;G.V.C., LTD.;0.6000000000000001;SELBY TRANSPORTATION;0.6;LEESEL TRANSPORTATION CORP (B2192);0.6;DON THOMAS BUSES, INC.;0.6;CAREFUL BUS;0.3
2019/05/09;SELBY TRANSPORTATION;0.6;LEESEL TRANSPORTATION CORP (B2192);0.6;LOGAN BUS COMPANY INC.;0.4;ANOTHER RIDE INC.;0.3;MAR-CAN TRANSPORT CO. INC (B2192);0.2
2019/05/14;G.V.C., LTD.;1.7;L & M BUS CORP.;0.8;NEW DAWN TRANSIT, LLC (B2321);0.4;I & Y TRANSIT CORP;0.4;G.V.C. LTD. (B2192);0.4
2019/05/10;PIONEER TRANSPORTATION CORP;0.7;SELBY TRANSPORTATION;0.6;THOMAS BUSES, INC.;0.4;I & Y TRANSIT CORP;0.4;DON THOMAS BUSES, INC.;0.3
2019/05/13;G.V.C., LTD.;1.2;SELBY TRANSPORTATION;0.6;LEESEL TRANSPORTATION CORP (B2192);0.6;DON THOMAS BUSES, INC.;0.6;GVC LTD.;0.6
2019/05/15;G.V.C., LTD.;1.0;BOBBY`S BUS CO. INC.;0.6;PRIDE TRANSPORTATION (SCH AGE);0.4;THOMAS BUSES, INC. (B2321);0.4;ALLIED TRANSIT CORP.;0.3
2019/05/16;LEESEL TRANSPORTATION CORP (B2192);37.30000000000004;BORO TRANSIT, INC.;8.400000000000002;RELIANT TRANSPORTATION, INC (B2321);6.799999999999999;G.V.C., LTD.;5.300000000000001;PIONEER TRANSPORTATION CORP;3.600000000000001
2019/05/17;LEESEL TRANSPORTATION CORP (B2192);58.20000000000008;RELIANT TRANSPORTATION, INC (B2321);31.2;SELBY TRANSPORTATION;15.599999999999994;PIONEER TRANSPORTATION CORP;13.799999999999995;G.V.C., LTD.;11.799999999999999
2019/05/20;LEESEL TRANSPORTATION CORP (B2192);57.400000000000084;RELIANT TRANSPORTATION, INC (B2321);31.00000000000002;PIONEER TRANSPORTATION CORP;12.3;BORO TRANSIT, INC.;10.8;SELBY TRANSPORTATION;10.799999999999997
2019/05/22;LEESEL TRANSPORTATION CORP (B2192);69.00000000000004;RELIANT TRANSPORTATION, INC (B2321);24.799999999999997;PIONEER TRANSPORTATION CORP;15.500000000000005;SELBY TRANSPORTATION;14.399999999999995;BORO TRANSIT, INC.;11.100000000000001
2019/05/23;LEESEL TRANSPORTATION CORP (B2192);72.50000000000003;RELIANT TRANSPORTATION, INC (B2321);36.500000000000036;PIONEER TRANSPORTATION CORP;18.600000000000005;SELBY TRANSPORTATION;14.999999999999995;ALLIED TRANSIT CORP.;9.899999999999999
2019/05/21;LEESEL TRANSPORTATION CORP (B2192);62.20000000000008;RELIANT TRANSPORTATION, INC (B2321);30.000000000000025;PIONEER TRANSPORTATION CORP;15.3;SELBY TRANSPORTATION;13.199999999999996;ALLIED TRANSIT CORP.;10.099999999999998
2019/05/24;LEESEL TRANSPORTATION CORP (B2192);60.3000000000001;RELIANT TRANSPORTATION, INC (B2321);33.9;PIONEER TRANSPORTATION CORP;12.299999999999999;SELBY TRANSPORTATION;11.999999999999996;BORO TRANSIT, INC.;8.100000000000003
2019/05/28;LEESEL TRANSPORTATION CORP (B2192);54.00000000000009;SELBY TRANSPORTATION;18.0;RELIANT TRANSPORTATION, INC (B2321);17.999999999999996;PIONEER TRANSPORTATION CORP;10.200000000000001;BORO TRANSIT, INC.;9.800000000000002
2019/05/29;LEESEL TRANSPORTATION CORP (B2192);48.60000000000006;RELIANT TRANSPORTATION, INC (B2321);34.00000000000002;PIONEER TRANSPORTATION CORP;16.200000000000003;SELBY TRANSPORTATION;15.999999999999993;BORO TRANSIT, INC.;9.299999999999997
2019/05/30;LEESEL TRANSPORTATION CORP (B2192);39.400000000000055;RELIANT TRANSPORTATION, INC (B2321);24.800000000000008;SELBY TRANSPORTATION;14.399999999999995;PIONEER TRANSPORTATION CORP;12.700000000000003;G.V.C., LTD.;9.299999999999997
2019/06/03;LEESEL TRANSPORTATION CORP (B2192);52.300000000000075;RELIANT TRANSPORTATION, INC (B2321);33.60000000000003;SELBY TRANSPORTATION;16.199999999999996;BORO TRANSIT, INC.;14.699999999999994;PIONEER TRANSPORTATION CORP;12.600000000000003
2019/05/31;LEESEL TRANSPORTATION CORP (B2192);67.20000000000007;RELIANT TRANSPORTATION, INC (B2321);35.300000000000026;PIONEER TRANSPORTATION CORP;19.80000000000001;BORO TRANSIT, INC.;18.300000000000008;SELBY TRANSPORTATION;14.399999999999995
2019/06/04;LEESEL TRANSPORTATION CORP (B2192);11.399999999999997;SELBY TRANSPORTATION;4.8;JOFAZ TRANSPORTATION INC.;1.3;HOYT TRANSPORTATION CORP.;1.3;BORO TRANSIT, INC.;1.2
2019/06/05;LEESEL TRANSPORTATION CORP (B2192);48.80000000000007;PIONEER TRANSPORTATION CORP;17.900000000000002;RELIANT TRANSPORTATION, INC (B2321);17.099999999999994;SELBY TRANSPORTATION;14.399999999999995;BORO TRANSIT, INC.;10.999999999999998
2019/06/07;LEESEL TRANSPORTATION CORP (B2192);59.10000000000009;RELIANT TRANSPORTATION, INC (B2321);21.800000000000008;BORO TRANSIT, INC.;12.799999999999999;PIONEER TRANSPORTATION CORP;12.400000000000002;SELBY TRANSPORTATION;11.999999999999996
2019/06/10;LEESEL TRANSPORTATION CORP (B2192);60.300000000000104;RELIANT TRANSPORTATION, INC (B2321);29.50000000000002;SELBY TRANSPORTATION;14.999999999999995;PIONEER TRANSPORTATION CORP;11.399999999999999;NEW DAWN TRANSIT, LLC (B2321);10.200000000000001
2019/06/06;LEESEL TRANSPORTATION CORP (B2192);28.800000000000026;SELBY TRANSPORTATION;7.599999999999999;SNT BUS INC;3.6;BORO TRANSIT, INC.;3.4000000000000004;RELIANT TRANSPORTATION, INC (B2321);3.4
2019/06/12;LEESEL TRANSPORTATION CORP (B2192);63.30000000000011;BORO TRANSIT, INC.;14.499999999999998;PIONEER TRANSPORTATION CORP;12.599999999999996;SELBY TRANSPORTATION;11.999999999999996;G.V.C., LTD.;11.000000000000002
2019/06/13;LEESEL TRANSPORTATION CORP (B2192);62.300000000000104;SELBY TRANSPORTATION;15.599999999999994;RELIANT TRANSPORTATION, INC (B2321);14.999999999999995;BORO TRANSIT, INC.;11.6;PIONEER TRANSPORTATION CORP;9.9
2019/06/11;LEESEL TRANSPORTATION CORP (B2192);30.90000000000003;RELIANT TRANSPORTATION, INC (B2321);8.899999999999999;SELBY TRANSPORTATION;8.399999999999999;BORO TRANSIT, INC.;6.2;G.V.C., LTD.;4.5
2019/06/14;LEESEL TRANSPORTATION CORP (B2192);52.500000000000085;RELIANT TRANSPORTATION, INC (B2321);18.8;NEW DAWN TRANSIT, LLC (B2321);16.200000000000006;SELBY TRANSPORTATION;16.199999999999996;PIONEER TRANSPORTATION CORP;15.699999999999994
2019/06/17;LEESEL TRANSPORTATION CORP (B2192);41.10000000000006;RELIANT TRANSPORTATION, INC (B2321);17.4;SELBY TRANSPORTATION;15.599999999999994;PIONEER TRANSPORTATION CORP;11.6;NEW DAWN TRANSIT, LLC (B2321);9.800000000000004
2019/06/18;LEESEL TRANSPORTATION CORP (B2192);64.3000000000001;SELBY TRANSPORTATION;17.599999999999994;RELIANT TRANSPORTATION, INC (B2321);8.1;NEW DAWN TRANSIT, LLC (B2321);7.200000000000002;ALLIED TRANSIT CORP.;7.1
2019/06/19;LEESEL TRANSPORTATION CORP (B2192);44.80000000000007;SELBY TRANSPORTATION;16.799999999999997;RELIANT TRANSPORTATION, INC (B2321);13.999999999999995;PIONEER TRANSPORTATION CORP;13.500000000000004;BORO TRANSIT, INC.;8.399999999999999
2019/06/20;LEESEL TRANSPORTATION CORP (B2192);64.3000000000001;RELIANT TRANSPORTATION, INC (B2321);18.099999999999994;SELBY TRANSPORTATION;16.799999999999997;G.V.C. LTD. (B2192);9.800000000000002;BORO TRANSIT, INC.;9.799999999999999
2019/06/24;LEESEL TRANSPORTATION CORP (B2192);59.9000000000001;NEW DAWN TRANSIT, LLC (B2321);12.600000000000003;G.V.C. LTD. (B2192);9.800000000000002;RELIANT TRANSPORTATION, INC (B2321);9.5;BORO TRANSIT, INC.;7.699999999999999
2019/06/21;LEESEL TRANSPORTATION CORP (B2192);56.10000000000009;SELBY TRANSPORTATION;16.799999999999997;RELIANT TRANSPORTATION, INC (B2321);13.799999999999999;G.V.C. LTD. (B2192);13.100000000000001;NEW DAWN TRANSIT, LLC (B2321);12.000000000000004
2019/06/25;LEESEL TRANSPORTATION CORP (B2192);38.50000000000005;SELBY TRANSPORTATION;8.399999999999999;BORO TRANSIT, INC.;7.699999999999998;PIONEER TRANSPORTATION CORP;5.699999999999999;NEW DAWN TRANSIT, LLC (B2321);5.400000000000001
2019/06/26;LEESEL TRANSPORTATION CORP (B2192);17.4;SELBY TRANSPORTATION;7.799999999999998;RELIANT TRANSPORTATION, INC (B2321);5.0;PRIDE TRANSPORTATION (SCH AGE);5.0;NEW DAWN TRANSIT, LLC (B2321);4.8
2019/06/27;SELBY TRANSPORTATION;2.4;L & M BUS CORP.;1.4;DON THOMAS BUSES, INC.;0.6;G.V.C., LTD.;0.3;BORO TRANSIT, INC.;0.2
2019/09/04;RELIANT TRANSPORTATION, INC (B2321);24.70000000000001;LEESEL TRANSPORTATION CORP (B2192);17.4;PRIDE TRANSPORTATION (SCH AGE);11.8;BORO TRANSIT, INC.;8.2;L & M BUS CORP (A);7.0
2019/09/05;RELIANT TRANSPORTATION, INC (B2321);94.29999999999986;PIONEER TRANSPORTATION CORP;52.60000000000003;BORO TRANSIT, INC.;36.10000000000002;HOYT TRANSPORTATION CORP.;23.500000000000018;FIRST STEPS TRANS INC. (B2192);21.000000000000004
2019/09/03;RELIANT TRANSPORTATION, INC (B2321);15.599999999999994;LEESEL TRANSPORTATION CORP (B2192);9.499999999999996;HOYT TRANSPORTATION CORP.;5.699999999999998;BORO TRANSIT, INC.;5.199999999999999;SELBY TRANSPORTATION;3.6
2019/09/06;RELIANT TRANSPORTATION, INC (B2321);94.99999999999982;LEESEL TRANSPORTATION CORP (B2192);50.40000000000008;BORO TRANSIT, INC.;27.69999999999999;PIONEER TRANSPORTATION CORP;23.80000000000001;FIRST STEPS TRANS INC. (B2192);19.300000000000004
2019/09/09;RELIANT TRANSPORTATION, INC (B2321);106.6999999999997;LEESEL TRANSPORTATION CORP (B2192);54.800000000000054;BORO TRANSIT, INC.;37.39999999999999;PIONEER TRANSPORTATION CORP;30.100000000000023;HOYT TRANSPORTATION CORP.;22.200000000000024
2019/09/11;LEESEL TRANSPORTATION CORP (B2192);76.89999999999995;RELIANT TRANSPORTATION, INC (B2321);65.0000000000001;LITTLE RICHIE BUS SERVICE;30.199999999999996;PIONEER TRANSPORTATION CORP;27.90000000000001;BORO TRANSIT, INC.;25.300000000000015
2019/09/10;LEESEL TRANSPORTATION CORP (B2192);102.5999999999997;RELIANT TRANSPORTATION, INC (B2321);83.59999999999992;PIONEER TRANSPORTATION CORP;28.000000000000036;BORO TRANSIT, INC.;28.000000000000007;FIRST STEPS TRANS INC. (B2192);24.099999999999998
2019/09/13;LEESEL TRANSPORTATION CORP (B2192);118.7999999999996;RELIANT TRANSPORTATION, INC (B2321);57.60000000000008;PIONEER TRANSPORTATION CORP;24.10000000000002;BORO TRANSIT, INC.;16.800000000000008;G.V.C., LTD.;13.000000000000004
2019/09/12;LEESEL TRANSPORTATION CORP (B2192);87.5999999999999;RELIANT TRANSPORTATION, INC (B2321);63.800000000000104;PIONEER TRANSPORTATION CORP;26.00000000000002;BORO TRANSIT, INC.;22.500000000000004;LITTLE RICHIE BUS SERVICE;21.800000000000004
2019/09/17;LEESEL TRANSPORTATION CORP (B2192);31.20000000000003;SELBY TRANSPORTATION;8.999999999999998;L & M BUS CORP.;6.000000000000001;DON THOMAS BUSES, INC.;4.199999999999999;PIONEER TRANSPORTATION CORP;3.2999999999999994
2019/09/16;LEESEL TRANSPORTATION CORP (B2192);78.19999999999995;RELIANT TRANSPORTATION, INC (B2321);67.60000000000007;BORO TRANSIT, INC.;19.80000000000001;PIONEER TRANSPORTATION CORP;17.80000000000002;G.V.C., LTD.;10.899999999999999
2019/09/20;LEESEL TRANSPORTATION CORP (B2192);107.0999999999996;RELIANT TRANSPORTATION, INC (B2321);46.600000000000065;BORO TRANSIT, INC.;22.7;G.V.C., LTD.;20.400000000000006;LITTLE RICHIE BUS SERVICE;18.100000000000005
2019/09/18;LEESEL TRANSPORTATION CORP (B2192);102.79999999999973;RELIANT TRANSPORTATION, INC (B2321);44.40000000000006;BORO TRANSIT, INC.;17.500000000000007;PIONEER TRANSPORTATION CORP;15.000000000000005;LITTLE RICHIE BUS SERVICE;14.499999999999998
2019/09/19;LEESEL TRANSPORTATION CORP (B2192);126.09999999999955;RELIANT TRANSPORTATION, INC (B2321);46.000000000000064;BORO TRANSIT, INC.;19.200000000000003;PIONEER TRANSPORTATION CORP;15.200000000000014;LITTLE RICHIE BUS SERVICE;15.0
2019/09/23;LEESEL TRANSPORTATION CORP (B2192);134.09999999999945;RELIANT TRANSPORTATION, INC (B2321);48.80000000000007;BORO TRANSIT, INC.;20.800000000000008;PIONEER TRANSPORTATION CORP;20.500000000000018;HOYT TRANSPORTATION CORP.;13.700000000000006
2019/09/24;LEESEL TRANSPORTATION CORP (B2192);140.39999999999938;RELIANT TRANSPORTATION, INC (B2321);62.0000000000001;BORO TRANSIT, INC.;30.000000000000004;PIONEER TRANSPORTATION CORP;23.900000000000027;L & M BUS CORP (A);14.599999999999994
2019/09/25;LEESEL TRANSPORTATION CORP (B2192);137.69999999999936;RELIANT TRANSPORTATION, INC (B2321);45.600000000000065;BORO TRANSIT, INC.;24.20000000000002;G.V.C., LTD.;14.4;PIONEER TRANSPORTATION CORP;13.200000000000006
2019/09/30;BORO TRANSIT, INC.;1.5999999999999999;LEESEL TRANSPORTATION CORP (B2192);1.5;PRIDE TRANSPORTATION (SCH AGE);1.2;G.V.C., LTD.;1.2;SNT BUS INC;0.7
2019/09/26;LEESEL TRANSPORTATION CORP (B2192);120.99999999999952;RELIANT TRANSPORTATION, INC (B2321);47.30000000000007;BORO TRANSIT, INC.;22.800000000000015;PIONEER TRANSPORTATION CORP;13.0;LITTLE RICHIE BUS SERVICE;10.5
2019/09/27;LEESEL TRANSPORTATION CORP (B2192);123.19999999999953;RELIANT TRANSPORTATION, INC (B2321);52.40000000000007;BORO TRANSIT, INC.;20.500000000000014;PIONEER TRANSPORTATION CORP;15.300000000000004;PRIDE TRANSPORTATION (SCH AGE);15.099999999999996
2019/10/01;SELBY TRANSPORTATION;1.7999999999999998;HOYT TRANSPORTATION CORP.;0.8999999999999999;RELIANT TRANSPORTATION, INC (B2321);0.6;SNT BUS INC;0.4;LEESEL TRANSPORTATION CORP (B2192);0.3
2019/10/02;LEESEL TRANSPORTATION CORP (B2192);113.49999999999964;RELIANT TRANSPORTATION, INC (B2321);56.40000000000009;PIONEER TRANSPORTATION CORP;18.600000000000012;HOYT TRANSPORTATION CORP.;12.7;L & M BUS CORP (A);12.199999999999998
2019/10/03;LEESEL TRANSPORTATION CORP (B2192);130.39999999999952;RELIANT TRANSPORTATION, INC (B2321);36.00000000000004;PRIDE TRANSPORTATION (SCH AGE);14.599999999999998;G.V.C., LTD.;12.8;PIONEER TRANSPORTATION CORP;12.499999999999998
2019/10/08;LEESEL TRANSPORTATION CORP (B2192);124.49999999999955;RELIANT TRANSPORTATION, INC (B2321);35.60000000000004;BORO TRANSIT, INC.;20.200000000000003;G.V.C., LTD.;10.700000000000001;VAN TRANS LLC (B2192);8.6
2019/10/04;LEESEL TRANSPORTATION CORP (B2192);139.39999999999938;RELIANT TRANSPORTATION, INC (B2321);65.70000000000009;LITTLE RICHIE BUS SERVICE;17.000000000000004;PRIDE TRANSPORTATION (SCH AGE);12.599999999999996;BORO TRANSIT, INC.;11.599999999999996
2019/10/07;LEESEL TRANSPORTATION CORP (B2192);129.9999999999995;RELIANT TRANSPORTATION, INC (B2321);57.70000000000008;BORO TRANSIT, INC.;29.30000000000002;PRIDE TRANSPORTATION (SCH AGE);16.299999999999997;VAN TRANS LLC (B2192);15.600000000000001
2019/10/09;BORO TRANSIT, INC.;2.5;FIRST STEPS TRANS INC. (B2192);2.0;G.V.C., LTD.;1.6;PRIDE TRANSPORTATION (SCH AGE);1.2;SNT BUS INC;1.0
2019/10/10;LEESEL TRANSPORTATION CORP (B2192);130.19999999999948;RELIANT TRANSPORTATION, INC (B2321);42.60000000000006;BORO TRANSIT, INC.;31.400000000000006;EMPIRE CHARTER SERVICE INC;12.700000000000006;G.V.C., LTD.;10.499999999999996
2019/10/11;LEESEL TRANSPORTATION CORP (B2192);126.89999999999948;RELIANT TRANSPORTATION, INC (B2321);53.10000000000008;BORO TRANSIT, INC.;19.800000000000004;G.V.C., LTD.;14.299999999999999;EMPIRE CHARTER SERVICE INC;11.2
2019/10/15;LEESEL TRANSPORTATION CORP (B2192);116.5999999999996;RELIANT TRANSPORTATION, INC (B2321);37.60000000000004;BORO TRANSIT, INC.;17.60000000000001;SNT BUS INC;13.900000000000002;PIONEER TRANSPORTATION CORP;13.1
2019/10/16;LEESEL TRANSPORTATION CORP (B2192);120.49999999999957;RELIANT TRANSPORTATION, INC (B2321);41.60000000000004;G.V.C., LTD.;12.600000000000001;BORO TRANSIT, INC.;11.500000000000002;PIONEER TRANSPORTATION CORP;10.7
2019/10/17;LEESEL TRANSPORTATION CORP (B2192);121.19999999999956;RELIANT TRANSPORTATION, INC (B2321);35.800000000000026;BORO TRANSIT, INC.;12.800000000000004;G.V.C., LTD.;11.400000000000004;G.V.C. LTD. (B2192);10.1
2019/10/18;LEESEL TRANSPORTATION CORP (B2192);161.09999999999917;RELIANT TRANSPORTATION, INC (B2321);43.60000000000002;BORO TRANSIT, INC.;21.100000000000005;G.V.C., LTD.;16.600000000000005;PIONEER TRANSPORTATION CORP;14.3
2019/10/21;LEESEL TRANSPORTATION CORP (B2192);120.99999999999953;RELIANT TRANSPORTATION, INC (B2321);34.60000000000003;BORO TRANSIT, INC.;20.099999999999994;G.V.C., LTD.;14.999999999999998;PIONEER TRANSPORTATION CORP;11.9
2019/10/22;LEESEL TRANSPORTATION CORP (B2192);177.19999999999905;RELIANT TRANSPORTATION, INC (B2321);45.600000000000044;G.V.C., LTD.;22.900000000000002;BORO TRANSIT, INC.;17.799999999999997;SNT BUS INC;13.800000000000004
2019/10/23;LEESEL TRANSPORTATION CORP (B2192);137.0999999999994;RELIANT TRANSPORTATION, INC (B2321);41.100000000000016;G.V.C., LTD.;15.2;BORO TRANSIT, INC.;13.900000000000004;EMPIRE CHARTER SERVICE INC;9.299999999999999
2019/10/24;LEESEL TRANSPORTATION CORP (B2192);191.49999999999895;RELIANT TRANSPORTATION, INC (B2321);76.50000000000026;BORO TRANSIT, INC.;37.60000000000001;PIONEER TRANSPORTATION CORP;29.100000000000016;EMPIRE CHARTER SERVICE INC;19.000000000000018
2019/10/25;LEESEL TRANSPORTATION CORP (B2192);206.99999999999872;RELIANT TRANSPORTATION, INC (B2321);66.30000000000008;BORO TRANSIT, INC.;31.90000000000001;PIONEER TRANSPORTATION CORP;27.099999999999984;EMPIRE CHARTER SERVICE INC;18.10000000000002
2019/10/28;LEESEL TRANSPORTATION CORP (B2192);187.39999999999895;RELIANT TRANSPORTATION, INC (B2321);82.69999999999996;BORO TRANSIT, INC.;33.30000000000001;LITTLE RICHIE BUS SERVICE;18.5;EMPIRE CHARTER SERVICE INC;17.500000000000018
2019/10/29;LEESEL TRANSPORTATION CORP (B2192);77.19999999999995;RELIANT TRANSPORTATION, INC (B2321);45.60000000000005;EMPIRE CHARTER SERVICE INC;12.000000000000005;PRIDE TRANSPORTATION (SCH AGE);11.899999999999999;PIONEER TRANSPORTATION CORP;10.900000000000002
2019/10/30;LEESEL TRANSPORTATION CORP (B2192);76.49999999999999;RELIANT TRANSPORTATION, INC (B2321);42.60000000000004;PRIDE TRANSPORTATION (SCH AGE);14.3;BORO TRANSIT, INC.;12.300000000000002;PIONEER TRANSPORTATION CORP;8.1
2019/10/31;LEESEL TRANSPORTATION CORP (B2192);108.29999999999968;RELIANT TRANSPORTATION, INC (B2321);58.10000000000006;PRIDE TRANSPORTATION (SCH AGE);18.099999999999987;PIONEER TRANSPORTATION CORP;15.800000000000008;VAN TRANS LLC (B2192);15.600000000000001
2019/11/01;LEESEL TRANSPORTATION CORP (B2192);133.89999999999938;RELIANT TRANSPORTATION, INC (B2321);80.79999999999998;BORO TRANSIT, INC.;27.200000000000006;G.V.C. LTD. (B2192);15.800000000000002;CONSOLIDATED BUS TRANSIT, INC.;15.799999999999997
2019/11/05;RELIANT TRANSPORTATION, INC (B2321);7.999999999999998;LEESEL TRANSPORTATION CORP (B2192);5.999999999999999;NEW DAWN TRANSIT, LLC (B2321);4.999999999999999;L & M BUS CORP.;2.8;HOYT TRANSPORTATION CORP.;2.4
2019/11/04;LEESEL TRANSPORTATION CORP (B2192);138.49999999999932;RELIANT TRANSPORTATION, INC (B2321);83.4999999999999;PIONEER TRANSPORTATION CORP;29.40000000000003;SNT BUS INC;26.299999999999994;BORO TRANSIT, INC.;24.499999999999996
2019/11/06;LEESEL TRANSPORTATION CORP (B2192);102.09999999999971;RELIANT TRANSPORTATION, INC (B2321);44.90000000000004;BORO TRANSIT, INC.;25.40000000000001;SNT BUS INC;16.599999999999998;G.V.C., LTD.;13.9
2019/11/07;LEESEL TRANSPORTATION CORP (B2192);69.90000000000005;RELIANT TRANSPORTATION, INC (B2321);48.40000000000006;BORO TRANSIT, INC.;12.600000000000005;VAN TRANS LLC (B2192);8.899999999999999;EMPIRE CHARTER SERVICE INC;8.599999999999998
2019/11/11;L & M BUS CORP.;0.4
2019/11/08;LEESEL TRANSPORTATION CORP (B2192);72.20000000000003;RELIANT TRANSPORTATION, INC (B2321);33.50000000000003;BORO TRANSIT, INC.;14.9;EMPIRE CHARTER SERVICE INC;10.500000000000004;SNT BUS INC;9.599999999999998
2019/11/12;LEESEL TRANSPORTATION CORP (B2192);75.39999999999996;RELIANT TRANSPORTATION, INC (B2321);47.50000000000005;BORO TRANSIT, INC.;31.2;SNT BUS INC;26.8;PIONEER TRANSPORTATION CORP;13.700000000000006
2019/11/13;LEESEL TRANSPORTATION CORP (B2192);84.59999999999988;RELIANT TRANSPORTATION, INC (B2321);27.20000000000002;SNT BUS INC;19.999999999999993;BORO TRANSIT, INC.;19.900000000000002;PIONEER TRANSPORTATION CORP;12.0
2019/11/14;LEESEL TRANSPORTATION CORP (B2192);74.8;RELIANT TRANSPORTATION, INC (B2321);31.000000000000007;BORO TRANSIT, INC.;16.6;SNT BUS INC;12.799999999999999;PRIDE TRANSPORTATION (SCH AGE);8.999999999999998
2019/11/15;LEESEL TRANSPORTATION CORP (B2192);90.39999999999985;RELIANT TRANSPORTATION, INC (B2321);31.60000000000003;BORO TRANSIT, INC.;17.599999999999998;VAN TRANS LLC (B2192);11.2;PIONEER TRANSPORTATION CORP;10.999999999999998
2019/11/18;LEESEL TRANSPORTATION CORP (B2192);124.49999999999959;RELIANT TRANSPORTATION, INC (B2321);40.20000000000003;BORO TRANSIT, INC.;35.10000000000001;LITTLE RICHIE BUS SERVICE;22.9;VAN TRANS LLC (B2192);16.499999999999996
2019/11/19;LEESEL TRANSPORTATION CORP (B2192);179.79999999999896;RELIANT TRANSPORTATION, INC (B2321);68.20000000000003;BORO TRANSIT, INC.;31.699999999999996;PIONEER TRANSPORTATION CORP;18.300000000000015;SNT BUS INC;16.8
2019/11/21;LEESEL TRANSPORTATION CORP (B2192);195.79999999999887;RELIANT TRANSPORTATION, INC (B2321);39.2;BORO TRANSIT, INC.;33.6;PRIDE TRANSPORTATION (SCH AGE);25.80000000000002;SNT BUS INC;17.0
2019/11/20;LEESEL TRANSPORTATION CORP (B2192);189.59999999999897;RELIANT TRANSPORTATION, INC (B2321);64.60000000000008;BORO TRANSIT, INC.;38.000000000000014;HOYT TRANSPORTATION CORP.;17.10000000000001;EMPIRE CHARTER SERVICE INC;16.200000000000017
2019/11/22;LEESEL TRANSPORTATION CORP (B2192);171.39999999999907;RELIANT TRANSPORTATION, INC (B2321);69.20000000000006;BORO TRANSIT, INC.;22.699999999999996;LITTLE RICHIE BUS SERVICE;16.800000000000004;SNT BUS INC;16.599999999999998
2019/11/25;LEESEL TRANSPORTATION CORP (B2192);173.7999999999991;RELIANT TRANSPORTATION, INC (B2321);77.19999999999997;BORO TRANSIT, INC.;35.600000000000016;PIONEER TRANSPORTATION CORP;26.600000000000023;SNT BUS INC;20.000000000000007
2019/11/26;LEESEL TRANSPORTATION CORP (B2192);146.99999999999926;RELIANT TRANSPORTATION, INC (B2321);50.40000000000006;BORO TRANSIT, INC.;24.800000000000004;EMPIRE CHARTER SERVICE INC;18.200000000000014;PIONEER TRANSPORTATION CORP;16.000000000000007
