1441085340000;MAR-CAN TRANSPORT CO. INC;2.1;BORO TRANSIT, INC.;2.0;NEW DAWN TRANSIT, LLC (B2;2.0;LOGAN BUS COMPANY INC.;1.8;CAREFUL BUS;1.0
1441253280000;PIONEER TRANSPORTATION CO;26.900000000000038;RELIANT TRANS, INC. (B232;26.400000000000006;LEESEL TRANSP CORP (B2192;21.400000000000023;G.V.C., LTD.;20.200000000000006;BORO TRANSIT, INC.;19.2
1441856640000;LEESEL TRANSP CORP (B2192;55.59999999999988;PIONEER TRANSPORTATION CO;40.499999999999986;G.V.C., LTD.;34.40000000000001;RELIANT TRANS, INC. (B232;31.300000000000033;BORO TRANSIT, INC.;24.799999999999994
1442448600000;G.V.C., LTD.;70.29999999999993;PIONEER TRANSPORTATION CO;43.89999999999995;BORO TRANSIT, INC.;35.6;LEESEL TRANSP CORP (B2192;30.000000000000043;NEW DAWN TRANSIT, LLC (B2;26.40000000000002
1443069000000;G.V.C., LTD.;40.39999999999997;RELIANT TRANS, INC. (B232;39.4;PIONEER TRANSPORTATION CO;33.000000000000036;NEW DAWN TRANSIT, LLC (B2;25.100000000000005;MAR-CAN TRANSPORT CO. INC;23.700000000000024
1443671100000;G.V.C., LTD.;65.29999999999986;PIONEER TRANSPORTATION CO;55.69999999999988;NEW DAWN TRANSIT, LLC (B2;35.19999999999999;MAR-CAN TRANSPORT CO. INC;22.500000000000014;RELIANT TRANS, INC. (B232;20.500000000000018
1444275900000;G.V.C., LTD.;56.899999999999935;NEW DAWN TRANSIT, LLC (B2;38.00000000000003;PIONEER TRANSPORTATION CO;32.80000000000004;MAR-CAN TRANSPORT CO. INC;32.500000000000036;HAPPY CHILD TRANS LLC (B2;29.39999999999997
1444881300000;G.V.C., LTD.;72.3999999999999;LEESEL TRANSP CORP (B2192;48.999999999999915;NEW DAWN TRANSIT, LLC (B2;37.300000000000004;RELIANT TRANS, INC. (B232;33.70000000000004;PIONEER TRANSPORTATION CO;28.100000000000023
1446092160000;LEESEL TRANSP CORP (B2192;56.09999999999985;G.V.C., LTD.;43.3;PIONEER TRANSPORTATION CO;27.50000000000002;NEW DAWN TRANSIT, LLC (B2;23.999999999999996;HAPPY CHILD TRANS LLC (B2;22.700000000000006
1445484900000;G.V.C., LTD.;79.69999999999985;LEESEL TRANSP CORP (B2192;74.19999999999973;PIONEER TRANSPORTATION CO;48.49999999999992;BORO TRANSIT, INC.;36.49999999999997;NEW DAWN TRANSIT, LLC (B2;36.199999999999996
1446699600000;LEESEL TRANSP CORP (B2192;63.9999999999998;PIONEER TRANSPORTATION CO;28.00000000000002;G.V.C., LTD.;28.000000000000004;HAPPY CHILD TRANS LLC (B2;23.200000000000003;NEW DAWN TRANSIT, LLC (B2;22.7
1447288800000;LEESEL TRANSP CORP (B2192;66.69999999999982;G.V.C., LTD.;45.09999999999996;RELIANT TRANS, INC. (B232;33.700000000000024;NEW DAWN TRANSIT, LLC (B2;33.099999999999994;BORO TRANSIT, INC.;32.29999999999999
1447908300000;LEESEL TRANSP CORP (B2192;58.79999999999982;G.V.C., LTD.;54.79999999999988;NEW DAWN TRANSIT, LLC (B2;47.19999999999997;PIONEER TRANSPORTATION CO;26.500000000000018;RELIANT TRANS, INC. (B232;26.30000000000003
1448606640000;LEESEL TRANSP CORP (B2192;41.49999999999997;G.V.C., LTD.;34.60000000000002;PIONEER TRANSPORTATION CO;31.800000000000033;BORO TRANSIT, INC.;22.199999999999996;RELIANT TRANS, INC. (B232;20.50000000000001
1449117600000;LEESEL TRANSP CORP (B2192;64.29999999999978;G.V.C., LTD.;57.19999999999992;RELIANT TRANS, INC. (B232;31.100000000000037;NEW DAWN TRANSIT, LLC (B2;28.90000000000002;PIONEER TRANSPORTATION CO;28.30000000000002
1449706920000;G.V.C., LTD.;57.999999999999844;LEESEL TRANSP CORP (B2192;42.40000000000002;NEW DAWN TRANSIT, LLC (B2;39.90000000000004;PIONEER TRANSPORTATION CO;33.90000000000001;HAPPY CHILD TRANS LLC (B2;21.400000000000006
1450938900000;HAPPY CHILD TRANS LLC (B2;1.7999999999999998;BORO TRANSIT, INC.;0.5;LORISSA BUS SERVICE INC.;0.5;B & F SKILLED INC.(B2192);0.3;RELIANT TRANS, INC. (B232;0.3
1450327200000;NEW DAWN TRANSIT, LLC (B2;58.10000000000001;G.V.C., LTD.;52.89999999999999;PIONEER TRANSPORTATION CO;33.10000000000004;RELIANT TRANS, INC. (B232;27.00000000000002;HAPPY CHILD TRANS LLC (B2;15.9
1451546700000;LITTLE RICHIE BUS SERVICE;32.00000000000001;PIONEER TRANSPORTATION CO;31.80000000000001;NEW DAWN TRANSIT, LLC (B2;30.30000000000001;RELIANT TRANS, INC. (B232;29.20000000000002;G.V.C., LTD.;25.90000000000001
1452142140000;NEW DAWN TRANSIT, LLC (B2;54.30000000000006;G.V.C., LTD.;37.600000000000016;PIONEER TRANSPORTATION CO;32.10000000000001;LEESEL TRANSP CORP (B2192;29.500000000000032;RELIANT TRANS, INC. (B232;29.400000000000016
1452747000000;NEW DAWN TRANSIT, LLC (B2;33.800000000000004;PIONEER TRANSPORTATION CO;33.00000000000003;G.V.C., LTD.;29.00000000000003;LITTLE RICHIE BUS SERVICE;18.100000000000005;RELIANT TRANS, INC. (B232;16.700000000000006
1453351500000;PIONEER TRANSPORTATION CO;126.70000000000006;NEW DAWN TRANSIT, LLC (B2;71.09999999999988;G.V.C., LTD.;60.80000000000003;RELIANT TRANS, INC. (B232;57.699999999999946;BORO TRANSIT, INC.;47.69999999999997
1453956900000;G.V.C., LTD.;48.59999999999992;PIONEER TRANSPORTATION CO;42.7;NEW DAWN TRANSIT, LLC (B2;40.50000000000003;RELIANT TRANS, INC. (B232;34.70000000000001;LITTLE RICHIE BUS SERVICE;21.30000000000001
1454559960000;RELIANT TRANS, INC. (B232;43.39999999999996;NEW DAWN TRANSIT, LLC (B2;41.69999999999993;PIONEER TRANSPORTATION CO;40.699999999999974;G.V.C., LTD.;40.499999999999986;LEESEL TRANSP CORP (B2192;26.300000000000015
1455166800000;G.V.C., LTD.;20.200000000000014;LEESEL TRANSP CORP (B2192;13.800000000000002;LITTLE RICHIE BUS SERVICE;13.3;NEW DAWN TRANSIT, LLC (B2;12.800000000000002;PIONEER TRANSPORTATION CO;10.5
1455771000000;RELIANT TRANS, INC. (B232;28.700000000000045;NEW DAWN TRANSIT, LLC (B2;26.1;LEESEL TRANSP CORP (B2192;25.800000000000008;PIONEER TRANSPORTATION CO;23.60000000000002;BORO TRANSIT, INC.;17.999999999999996
1456361340000;RELIANT TRANS, INC. (B232;38.19999999999999;G.V.C., LTD.;32.60000000000002;NEW DAWN TRANSIT, LLC (B2;29.99999999999998;LEESEL TRANSP CORP (B2192;27.500000000000018;BORO TRANSIT, INC.;24.399999999999988
1457583780000;PIONEER TRANSPORTATION CO;46.99999999999998;RELIANT TRANS, INC. (B232;43.399999999999956;LEESEL TRANSP CORP (B2192;40.9;G.V.C., LTD.;31.50000000000001;NEW DAWN TRANSIT, LLC (B2;29.799999999999994
1456978500000;RELIANT TRANS, INC. (B232;39.49999999999998;NEW DAWN TRANSIT, LLC (B2;35.599999999999966;PIONEER TRANSPORTATION CO;26.400000000000027;LEESEL TRANSP CORP (B2192;24.900000000000027;G.V.C., LTD.;23.100000000000012
1458188700000;RELIANT TRANS, INC. (B232;39.599999999999994;NEW DAWN TRANSIT, LLC (B2;38.89999999999998;G.V.C., LTD.;28.900000000000023;PIONEER TRANSPORTATION CO;28.70000000000002;BORO TRANSIT, INC.;21.900000000000002
1458793380000;NEW DAWN TRANSIT, LLC (B2;35.99999999999998;RELIANT TRANS, INC. (B232;35.600000000000016;G.V.C., LTD.;29.000000000000018;PIONEER TRANSPORTATION CO;18.300000000000015;HAPPY CHILD TRANS LLC (B2;17.099999999999998
1459393500000;NEW DAWN TRANSIT, LLC (B2;52.899999999999956;G.V.C., LTD.;37.300000000000004;RELIANT TRANS, INC. (B232;36.70000000000001;LEESEL TRANSP CORP (B2192;33.30000000000003;PIONEER TRANSPORTATION CO;31.700000000000024
1460000340000;LEESEL TRANSP CORP (B2192;51.4999999999999;RELIANT TRANS, INC. (B232;41.39999999999997;NEW DAWN TRANSIT, LLC (B2;33.699999999999974;PIONEER TRANSPORTATION CO;31.80000000000003;G.V.C., LTD.;30.600000000000026
1460605080000;LEESEL TRANSP CORP (B2192;42.499999999999964;RELIANT TRANS, INC. (B232;40.19999999999999;NEW DAWN TRANSIT, LLC (B2;36.89999999999997;PIONEER TRANSPORTATION CO;30.900000000000027;HAPPY CHILD TRANS LLC (B2;25.200000000000003
1461208500000;LEESEL TRANSP CORP (B2192;20.700000000000024;NEW DAWN TRANSIT, LLC (B2;19.9;RELIANT TRANS, INC. (B232;15.200000000000008;PIONEER TRANSPORTATION CO;14.700000000000005;BORO TRANSIT, INC.;7.900000000000001
1461820200000;LEESEL TRANSP CORP (B2192;32.80000000000004;PIONEER TRANSPORTATION CO;32.20000000000004;NEW DAWN TRANSIT, LLC (B2;28.9;RELIANT TRANS, INC. (B232;28.000000000000007;BORO TRANSIT, INC.;22.09999999999999
1462420020000;LEESEL TRANSP CORP (B2192;46.799999999999926;RELIANT TRANS, INC. (B232;44.19999999999994;NEW DAWN TRANSIT, LLC (B2;37.79999999999996;PIONEER TRANSPORTATION CO;33.70000000000003;G.V.C., LTD.;23.000000000000018
1463025300000;LEESEL TRANSP CORP (B2192;51.19999999999988;NEW DAWN TRANSIT, LLC (B2;43.499999999999986;PIONEER TRANSPORTATION CO;39.99999999999999;RELIANT TRANS, INC. (B232;31.800000000000036;G.V.C., LTD.;26.700000000000024
1463629440000;NEW DAWN TRANSIT, LLC (B2;53.90000000000002;LEESEL TRANSP CORP (B2192;46.299999999999926;PIONEER TRANSPORTATION CO;45.699999999999974;RELIANT TRANS, INC. (B232;39.59999999999999;G.V.C., LTD.;32.900000000000006
1464224160000;RELIANT TRANS, INC. (B232;47.39999999999994;LEESEL TRANSP CORP (B2192;35.00000000000002;NEW DAWN TRANSIT, LLC (B2;32.09999999999997;PIONEER TRANSPORTATION CO;29.70000000000002;G.V.C., LTD.;24.300000000000015
1464826380000;LEESEL TRANSP CORP (B2192;43.099999999999966;NEW DAWN TRANSIT, LLC (B2;41.79999999999997;RELIANT TRANS, INC. (B232;38.300000000000004;G.V.C., LTD.;36.40000000000003;PIONEER TRANSPORTATION CO;32.600000000000016
1465445400000;NEW DAWN TRANSIT, LLC (B2;29.799999999999994;LEESEL TRANSP CORP (B2192;25.800000000000033;G.V.C., LTD.;23.60000000000002;RELIANT TRANS, INC. (B232;15.900000000000013;PIONEER TRANSPORTATION CO;13.800000000000004
1466047200000;NEW DAWN TRANSIT, LLC (B2;35.500000000000014;G.V.C., LTD.;30.600000000000037;RELIANT TRANS, INC. (B232;25.900000000000023;PIONEER TRANSPORTATION CO;16.800000000000008;LEESEL TRANSP CORP (B2192;15.100000000000012
1466652840000;NEW DAWN TRANSIT, LLC (B2;24.0;RELIANT TRANS, INC. (B232;12.000000000000005;DON THOMAS BUSES, INC. (B;10.500000000000002;PIONEER TRANSPORTATION CO;8.999999999999998;G.V.C., LTD.;7.799999999999998
1467263880000;G.V.C., LTD.;15.000000000000005;HOYT TRANSPORTATION CORP.;7.300000000000002;L & M BUS CORP.;5.7;PRIDE TRANSPORTATION (SCH;5.199999999999999;RELIANT TRANS, INC.;3.9999999999999996
1468468200000;PRIDE TRANSPORTATION (SCH;61.199999999999925;HOYT TRANSPORTATION CORP.;43.500000000000014;G.V.C., LTD.;30.100000000000026;LOGAN BUS COMPANY INC.;19.400000000000006;LORINDA ENT. LTD.;11.500000000000002
1467863880000;PRIDE TRANSPORTATION (SCH;43.799999999999955;HOYT TRANSPORTATION CORP.;42.39999999999996;G.V.C., LTD.;29.600000000000037;ALL AMERICAN SCHOOL BUS C;16.5;LOGAN BUS COMPANY INC.;15.600000000000007
1469073600000;PRIDE TRANSPORTATION (SCH;57.79999999999991;HOYT TRANSPORTATION CORP.;39.300000000000004;LOGAN BUS COMPANY INC.;22.30000000000001;G.V.C., LTD.;20.400000000000013;BORO TRANSIT, INC.;13.400000000000002
1470888180000;PRIDE TRANSPORTATION (SCH;15.600000000000012;HOYT TRANSPORTATION CORP.;14.600000000000005;LORINDA ENT. LTD.;9.0;L & M BUS CORP.;5.700000000000002;G.V.C., LTD.;5.3999999999999995
1470283200000;PRIDE TRANSPORTATION (SCH;31.200000000000028;HOYT TRANSPORTATION CORP.;30.50000000000002;G.V.C., LTD.;15.10000000000001;LOGAN BUS COMPANY INC.;11.800000000000002;ALL AMERICAN SCHOOL BUS C;9.700000000000005
1469665740000;PRIDE TRANSPORTATION (SCH;42.99999999999997;HOYT TRANSPORTATION CORP.;34.50000000000001;G.V.C., LTD.;17.100000000000012;LOGAN BUS COMPANY INC.;13.200000000000001;L & M BUS CORP.;11.299999999999999
1472703900000;RELIANT TRANS, INC. (B232;19.70000000000001;MAR-CAN TRANSPORT CO. INC;9.600000000000001;G.V.C., LTD.;5.899999999999999;LEESEL TRANSP CORP (B2192;4.999999999999999;THOMAS BUSES INC (B2192);4.699999999999999
1472186940000;HOYT TRANSPORTATION CORP.;1.5;LORINDA ENT. LTD.;0.3;RELIANT TRANS, INC.;0.3;PRIDE TRANSPORTATION (SCH;0.2
1471493700000;HOYT TRANSPORTATION CORP.;1.2;ALL AMERICAN SCHOOL BUS C;0.8;PRIDE TRANSPORTATION (SCH;0.6;JOFAZ TRANSPORTATION INC.;0.6;LITTLE RICHIE BUS SERVICE;0.6
1473293700000;RELIANT TRANS, INC. (B232;87.09999999999957;PIONEER TRANSPORTATION CO;78.29999999999968;NEW DAWN TRANSIT, LLC (B2;56.89999999999997;G.V.C., LTD.;56.299999999999855;FIRST STEPS TRANSP INC. (;35.9
1473911400000;PIONEER TRANSPORTATION CO;82.19999999999965;G.V.C., LTD.;78.1999999999997;RELIANT TRANS, INC. (B232;65.09999999999982;NEW DAWN TRANSIT, LLC (B2;58.00000000000007;LEESEL TRANSP CORP (B2192;43.09999999999998
1474515900000;G.V.C., LTD.;82.39999999999964;PIONEER TRANSPORTATION CO;81.99999999999967;RELIANT TRANS, INC. (B232;80.29999999999968;NEW DAWN TRANSIT, LLC (B2;79.70000000000007;LEESEL TRANSP CORP (B2192;43.999999999999986
1475120460000;NEW DAWN TRANSIT, LLC (B2;53.80000000000001;G.V.C., LTD.;41.299999999999976;RELIANT TRANS, INC. (B232;37.00000000000002;PIONEER TRANSPORTATION CO;27.70000000000003;LEESEL TRANSP CORP (B2192;24.80000000000002
1475723400000;NEW DAWN TRANSIT, LLC (B2;63.600000000000065;G.V.C., LTD.;43.89999999999994;PIONEER TRANSPORTATION CO;31.80000000000003;RELIANT TRANS, INC. (B232;23.50000000000003;LEESEL TRANSP CORP (B2192;22.700000000000017
1476330480000;G.V.C., LTD.;68.39999999999976;NEW DAWN TRANSIT, LLC (B2;55.30000000000005;PIONEER TRANSPORTATION CO;47.29999999999995;RELIANT TRANS, INC. (B232;35.50000000000002;HAPPY CHILD TRANS LLC (B2;28.2
1476923400000;PIONEER TRANSPORTATION CO;68.49999999999982;NEW DAWN TRANSIT, LLC (B2;67.10000000000004;G.V.C., LTD.;48.799999999999926;RELIANT TRANS, INC. (B232;32.90000000000003;VAN TRANS LLC (B2192);28.90000000000003
1477539780000;PIONEER TRANSPORTATION CO;66.59999999999981;NEW DAWN TRANSIT, LLC (B2;55.0;RELIANT TRANS, INC. (B232;51.19999999999989;G.V.C., LTD.;46.99999999999993;HAPPY CHILD TRANS LLC (B2;31.699999999999985
1478146500000;NEW DAWN TRANSIT, LLC (B2;44.000000000000014;G.V.C., LTD.;42.29999999999996;PIONEER TRANSPORTATION CO;35.80000000000002;RELIANT TRANS, INC. (B232;34.70000000000002;BORO TRANSIT, INC.;21.4
1478754060000;NEW DAWN TRANSIT, LLC (B2;53.5;PIONEER TRANSPORTATION CO;42.09999999999999;G.V.C., LTD.;36.5;RELIANT TRANS, INC. (B232;34.700000000000024;LEESEL TRANSP CORP (B2192;29.600000000000037
1479343500000;NEW DAWN TRANSIT, LLC (B2;66.79999999999995;G.V.C., LTD.;46.59999999999995;PIONEER TRANSPORTATION CO;44.99999999999996;RELIANT TRANS, INC. (B232;40.39999999999997;LEESEL TRANSP CORP (B2192;26.90000000000002
1480307580000;NEW DAWN TRANSIT, LLC (B2;61.09999999999998;G.V.C., LTD.;30.300000000000047;RELIANT TRANS, INC. (B232;25.70000000000003;PIONEER TRANSPORTATION CO;25.30000000000001;LEESEL TRANSP CORP (B2192;23.900000000000027
1480553280000;NEW DAWN TRANSIT, LLC (B2;87.49999999999982;G.V.C., LTD.;55.19999999999987;RELIANT TRANS, INC. (B232;47.09999999999994;PIONEER TRANSPORTATION CO;42.799999999999976;MAR-CAN TRANSPORT CO. INC;39.400000000000034
1481159760000;NEW DAWN TRANSIT, LLC (B2;112.09999999999975;PIONEER TRANSPORTATION CO;48.99999999999991;G.V.C., LTD.;43.199999999999946;RELIANT TRANS, INC. (B232;34.00000000000003;LEESEL TRANSP CORP (B2192;23.800000000000022
1481775960000;NEW DAWN TRANSIT, LLC (B2;116.09999999999953;PIONEER TRANSPORTATION CO;50.399999999999935;G.V.C., LTD.;49.399999999999956;RELIANT TRANS, INC. (B232;39.999999999999964;FIRST STEPS TRANSP INC. (;27.700000000000014
1482382680000;NEW DAWN TRANSIT, LLC (B2;32.20000000000003;PIONEER TRANSPORTATION CO;12.600000000000009;G.V.C., LTD.;12.000000000000007;HAPPY CHILD TRANS LLC (B2;9.700000000000005;RELIANT TRANS, INC. (B232;8.7
1483417920000;NEW DAWN TRANSIT, LLC (B2;63.09999999999997;G.V.C., LTD.;22.500000000000018;RELIANT TRANS, INC. (B232;16.300000000000015;BORO TRANSIT, INC.;15.0;PIONEER TRANSPORTATION CO;14.900000000000006
1483591260000;NEW DAWN TRANSIT, LLC (B2;174.5000000000003;G.V.C., LTD.;56.999999999999865;RELIANT TRANS, INC. (B232;55.99999999999984;PIONEER TRANSPORTATION CO;55.299999999999876;G.V.C. LTD. (B2192);25.500000000000032
1484195400000;NEW DAWN TRANSIT, LLC (B2;136.49999999999932;G.V.C., LTD.;63.99999999999977;RELIANT TRANS, INC. (B232;35.900000000000006;LEESEL TRANSP CORP (B2192;33.30000000000003;PIONEER TRANSPORTATION CO;29.000000000000032
1484801640000;NEW DAWN TRANSIT, LLC (B2;118.89999999999958;G.V.C., LTD.;69.49999999999974;PIONEER TRANSPORTATION CO;39.89999999999999;BORO TRANSIT, INC.;36.0;RELIANT TRANS, INC. (B232;32.50000000000004
1485397680000;G.V.C., LTD.;67.79999999999976;NEW DAWN TRANSIT, LLC (B2;56.300000000000004;PIONEER TRANSPORTATION CO;44.19999999999999;RELIANT TRANS, INC. (B232;39.39999999999997;LEESEL TRANSP CORP (B2192;20.80000000000002
1486699980000;G.V.C., LTD.;66.39999999999975;PIONEER TRANSPORTATION CO;63.09999999999983;RELIANT TRANS, INC. (B232;54.399999999999885;NEW DAWN TRANSIT, LLC (B2;33.70000000000002;BORO TRANSIT, INC.;33.499999999999986
1486011240000;G.V.C., LTD.;82.89999999999968;PIONEER TRANSPORTATION CO;42.699999999999974;RELIANT TRANS, INC. (B232;36.0;NEW DAWN TRANSIT, LLC (B2;35.600000000000016;LEESEL TRANSP CORP (B2192;28.000000000000032
1487826000000;G.V.C., LTD.;38.49999999999999;RELIANT TRANS, INC. (B232;35.400000000000006;NEW DAWN TRANSIT, LLC (B2;34.40000000000003;PIONEER TRANSPORTATION CO;23.30000000000002;BORO TRANSIT, INC.;20.700000000000003
1487207700000;G.V.C., LTD.;26.30000000000003;NEW DAWN TRANSIT, LLC (B2;18.200000000000003;RELIANT TRANS, INC. (B232;14.80000000000001;BORO TRANSIT, INC.;13.6;PIONEER TRANSPORTATION CO;12.000000000000004
1488428820000;G.V.C., LTD.;44.099999999999945;RELIANT TRANS, INC. (B232;37.9;PIONEER TRANSPORTATION CO;37.599999999999994;NEW DAWN TRANSIT, LLC (B2;31.900000000000034;LEESEL TRANSP CORP (B2192;29.900000000000034
1489035000000;PIONEER TRANSPORTATION CO;65.79999999999986;NEW DAWN TRANSIT, LLC (B2;41.00000000000001;G.V.C., LTD.;33.2;LEESEL TRANSP CORP (B2192;25.200000000000024;BORO TRANSIT, INC.;22.899999999999988
1489627020000;PIONEER TRANSPORTATION CO;77.29999999999976;G.V.C., LTD.;70.99999999999976;LEESEL TRANSP CORP (B2192;61.89999999999981;NEW DAWN TRANSIT, LLC (B2;60.39999999999995;BORO TRANSIT, INC.;29.499999999999993
1490245980000;G.V.C., LTD.;63.99999999999982;LEESEL TRANSP CORP (B2192;63.09999999999982;PIONEER TRANSPORTATION CO;62.29999999999988;NEW DAWN TRANSIT, LLC (B2;41.90000000000002;RELIANT TRANS, INC. (B232;35.20000000000002
1490832420000;LEESEL TRANSP CORP (B2192;111.79999999999936;RELIANT TRANS, INC. (B232;75.1999999999997;PIONEER TRANSPORTATION CO;62.89999999999981;G.V.C., LTD.;54.49999999999986;NEW DAWN TRANSIT, LLC (B2;43.39999999999999
1491449460000;LEESEL TRANSP CORP (B2192;45.499999999999936;G.V.C., LTD.;21.500000000000025;RELIANT TRANS, INC. (B232;21.400000000000023;PIONEER TRANSPORTATION CO;16.60000000000001;FIRST STEPS TRANSP INC. (;16.4
1492086900000;LEESEL TRANSP CORP (B2192;18.900000000000016;NEW DAWN TRANSIT, LLC (B2;13.900000000000002;RELIANT TRANS, INC. (B232;13.70000000000001;PIONEER TRANSPORTATION CO;11.900000000000004;G.V.C., LTD.;10.900000000000002
1492660500000;LEESEL TRANSP CORP (B2192;108.99999999999942;NEW DAWN TRANSIT, LLC (B2;55.69999999999997;RELIANT TRANS, INC. (B232;48.099999999999945;G.V.C., LTD.;46.19999999999996;PIONEER TRANSPORTATION CO;44.39999999999994
1493251500000;LEESEL TRANSP CORP (B2192;101.9999999999994;NEW DAWN TRANSIT, LLC (B2;68.19999999999996;PIONEER TRANSPORTATION CO;53.799999999999905;RELIANT TRANS, INC. (B232;51.69999999999994;G.V.C., LTD.;46.39999999999993
1493868300000;LEESEL TRANSP CORP (B2192;107.4999999999994;NEW DAWN TRANSIT, LLC (B2;99.59999999999971;PIONEER TRANSPORTATION CO;55.09999999999988;G.V.C., LTD.;48.699999999999896;RELIANT TRANS, INC. (B232;45.99999999999997
1494461460000;LEESEL TRANSP CORP (B2192;125.79999999999919;NEW DAWN TRANSIT, LLC (B2;88.49999999999984;PIONEER TRANSPORTATION CO;69.79999999999981;G.V.C., LTD.;69.19999999999983;RELIANT TRANS, INC. (B232;64.4999999999998
1495079100000;LEESEL TRANSP CORP (B2192;142.29999999999964;NEW DAWN TRANSIT, LLC (B2;89.99999999999997;PIONEER TRANSPORTATION CO;80.59999999999971;RELIANT TRANS, INC. (B232;71.1999999999998;G.V.C., LTD.;54.39999999999984
1495670400000;LEESEL TRANSP CORP (B2192;101.19999999999942;PIONEER TRANSPORTATION CO;53.899999999999864;NEW DAWN TRANSIT, LLC (B2;47.49999999999998;RELIANT TRANS, INC. (B232;40.39999999999997;G.V.C., LTD.;31.600000000000037
1496275200000;LEESEL TRANSP CORP (B2192;105.49999999999937;NEW DAWN TRANSIT, LLC (B2;83.69999999999995;PIONEER TRANSPORTATION CO;58.699999999999854;RELIANT TRANS, INC. (B232;43.799999999999976;G.V.C., LTD.;41.499999999999964
1497498300000;LEESEL TRANSP CORP (B2192;98.59999999999945;NEW DAWN TRANSIT, LLC (B2;55.90000000000001;G.V.C., LTD.;49.999999999999936;PIONEER TRANSPORTATION CO;48.19999999999993;RELIANT TRANS, INC. (B232;33.00000000000003
1496895780000;LEESEL TRANSP CORP (B2192;95.19999999999955;G.V.C., LTD.;48.89999999999993;NEW DAWN TRANSIT, LLC (B2;34.10000000000001;RELIANT TRANS, INC. (B232;32.30000000000004;PIONEER TRANSPORTATION CO;32.30000000000003
1499918700000;PRIDE TRANSPORTATION (SCH;28.90000000000001;G.V.C., LTD.;27.400000000000027;HOYT TRANSPORTATION CORP.;23.80000000000001;RELIANT TRANS, INC.;12.899999999999991;L & M BUS CORP.;12.8
1498710600000;RELIANT TRANS, INC.;23.500000000000004;HOYT TRANSPORTATION CORP.;10.700000000000003;G.V.C., LTD.;7.499999999999998;L & M BUS CORP.;6.600000000000002;PIONEER TRANSPORTATION CO;5.399999999999999
1498101600000;LEESEL TRANSP CORP (B2192;56.39999999999986;PIONEER TRANSPORTATION CO;34.50000000000002;G.V.C., LTD.;32.90000000000004;NEW DAWN TRANSIT, LLC (B2;32.70000000000002;RELIANT TRANS, INC. (B232;27.00000000000003
1499314500000;G.V.C., LTD.;50.79999999999992;HOYT TRANSPORTATION CORP.;30.800000000000026;PRIDE TRANSPORTATION (SCH;16.20000000000001;L & M BUS CORP.;14.100000000000001;ALL AMERICAN SCHOOL BUS C;13.199999999999998
1501729740000;PRIDE TRANSPORTATION (SCH;19.700000000000014;HOYT TRANSPORTATION CORP.;13.900000000000007;G.V.C., LTD.;10.4;ALL AMERICAN SCHOOL BUS C;6.200000000000001;L & M BUS CORP.;5.8000000000000025
1504240560000;RELIANT TRANS, INC. (B2321);23.200000000000017;LEESEL TRANSP CORP (B2192);7.399999999999999;LOGAN BUS COMPANY INC.;5.1;L & M BUS CORP.;3.7999999999999994;B & F SKILLED INC.(B2192);3.0999999999999996
1500523200000;G.V.C., LTD.;33.40000000000003;PRIDE TRANSPORTATION (SCH;31.000000000000036;HOYT TRANSPORTATION CORP.;27.200000000000024;RELIANT TRANS, INC.;16.50000000000001;L & M BUS CORP.;15.399999999999995
1501128360000;PRIDE TRANSPORTATION (SCH;33.00000000000003;HOYT TRANSPORTATION CORP.;21.500000000000025;G.V.C., LTD.;20.400000000000016;RELIANT TRANS, INC.;13.600000000000003;L & M BUS CORP.;12.499999999999993
1504755000000;RELIANT TRANS, INC. (B2321);276.5999999999993;LEESEL TRANSP CORP (B2192);146.59999999999937;PIONEER TRANSPORTATION CORP;57.49999999999995;VAN TRANS LLC (B2192);30.300000000000015;BORO TRANSIT, INC.;24.29999999999999
1505350200000;LEESEL TRANSP CORP (B2192);317.10000000000076;RELIANT TRANS, INC. (B2321);187.89999999999907;PIONEER TRANSPORTATION CORP;74.69999999999989;NEW DAWN TRANSIT, LLC (B2321);53.60000000000007;G.V.C., LTD.;32.10000000000004
1505965380000;LEESEL TRANSP CORP (B2192);229.89999999999873;RELIANT TRANS, INC. (B2321);114.69999999999983;PIONEER TRANSPORTATION CORP;53.59999999999993;G.V.C., LTD.;33.20000000000003;BORO TRANSIT, INC.;20.799999999999994
1506569220000;LEESEL TRANSP CORP (B2192);366.70000000000266;RELIANT TRANS, INC. (B2321);175.6999999999992;PIONEER TRANSPORTATION CORP;72.69999999999973;NEW DAWN TRANSIT, LLC (B2321);53.999999999999964;VAN TRANS LLC (B2192);41.09999999999999
1507161780000;LEESEL TRANSP CORP (B2192);285.39999999999975;RELIANT TRANS, INC. (B2321);66.40000000000006;PIONEER TRANSPORTATION CORP;61.099999999999866;NEW DAWN TRANSIT, LLC (B2321);29.800000000000022;G.V.C., LTD.;29.400000000000045
1507766880000;LEESEL TRANSP CORP (B2192);218.79999999999896;RELIANT TRANS, INC. (B2321);122.69999999999963;PIONEER TRANSPORTATION CORP;85.59999999999968;G.V.C., LTD.;41.19999999999999;NEW DAWN TRANSIT, LLC (B2321);33.4
1508371800000;LEESEL TRANSP CORP (B2192);279.8999999999995;RELIANT TRANS, INC. (B2321);133.8999999999995;PIONEER TRANSPORTATION CORP;87.29999999999978;G.V.C., LTD.;61.29999999999995;NEW DAWN TRANSIT, LLC (B2321);34.99999999999998
1508976000000;LEESEL TRANSP CORP (B2192);267.2999999999991;RELIANT TRANS, INC. (B2321);94.29999999999981;PIONEER TRANSPORTATION CORP;82.99999999999974;G.V.C., LTD.;47.199999999999925;VAN TRANS LLC (B2192);38.50000000000002
1509584460000;LEESEL TRANSP CORP (B2192);132.69999999999945;RELIANT TRANS, INC. (B2321);49.60000000000003;G.V.C., LTD.;33.200000000000024;PIONEER TRANSPORTATION CORP;23.30000000000002;NEW DAWN TRANSIT, LLC (B2321);21.999999999999996
1510186200000;LEESEL TRANSP CORP (B2192);227.9999999999988;RELIANT TRANS, INC. (B2321);112.9999999999996;PIONEER TRANSPORTATION CORP;82.5999999999997;G.V.C., LTD.;49.59999999999998;BORO TRANSIT, INC.;40.30000000000001
1510802460000;LEESEL TRANSP CORP (B2192);189.19999999999922;RELIANT TRANS, INC. (B2321);76.39999999999995;PIONEER TRANSPORTATION CORP;66.09999999999982;G.V.C., LTD.;31.500000000000032;VAN TRANS LLC (B2192);31.30000000000003
1511745900000;LEESEL TRANSP CORP (B2192);104.7999999999997;RELIANT TRANS, INC. (B2321);45.400000000000006;PIONEER TRANSPORTATION CORP;41.899999999999956;G.V.C., LTD.;25.700000000000024;BORO TRANSIT, INC.;19.900000000000002
1512003300000;LEESEL TRANSP CORP (B2192);165.6999999999994;PIONEER TRANSPORTATION CORP;75.09999999999978;RELIANT TRANS, INC. (B2321);54.7;VAN TRANS LLC (B2192);51.20000000000002;G.V.C., LTD.;30.400000000000045
1512613800000;LEESEL TRANSP CORP (B2192);250.3999999999989;PIONEER TRANSPORTATION CORP;93.89999999999962;RELIANT TRANS, INC. (B2321);83.09999999999988;VAN TRANS LLC (B2192);50.29999999999996;G.V.C., LTD.;45.099999999999966
1513815900000;LEESEL TRANSP CORP (B2192);101.4999999999997;RELIANT TRANS, INC. (B2321);30.400000000000023;PIONEER TRANSPORTATION CORP;29.800000000000036;NEW DAWN TRANSIT, LLC (B2321);20.199999999999985;VAN TRANS LLC (B2192);18.800000000000004
1513225320000;LEESEL TRANSP CORP (B2192);329.90000000000157;PIONEER TRANSPORTATION CORP;152.09999999999994;RELIANT TRANS, INC. (B2321);145.6999999999995;VAN TRANS LLC (B2192);81.39999999999984;NEW DAWN TRANSIT, LLC (B2321);58.70000000000011
1514441220000;LEESEL TRANSP CORP (B2192);49.100000000000044;PIONEER TRANSPORTATION CORP;42.399999999999984;RELIANT TRANS, INC. (B2321);31.200000000000024;NEW DAWN TRANSIT, LLC (B2321);24.199999999999992;BORO TRANSIT, INC.;22.799999999999994
1515126600000;LEESEL TRANSP CORP (B2192);127.09999999999947;PIONEER TRANSPORTATION CORP;101.99999999999963;RELIANT TRANS, INC. (B2321);92.39999999999986;SNT BUS INC;80.60000000000004;BORO TRANSIT, INC.;66.09999999999995
1515630720000;LEESEL TRANSP CORP (B2192);160.19999999999942;PIONEER TRANSPORTATION CORP;64.89999999999984;RELIANT TRANS, INC. (B2321);49.7;NEW DAWN TRANSIT, LLC (B2321);34.39999999999997;VAN TRANS LLC (B2192);25.7
1516236840000;LEESEL TRANSP CORP (B2192);245.09999999999894;PIONEER TRANSPORTATION CORP;103.99999999999959;RELIANT TRANS, INC. (B2321);69.79999999999997;VAN TRANS LLC (B2192);48.299999999999976;NEW DAWN TRANSIT, LLC (B2321);34.299999999999976
1516842000000;LEESEL TRANSP CORP (B2192);172.99999999999937;RELIANT TRANS, INC. (B2321);90.0999999999998;PIONEER TRANSPORTATION CORP;83.0999999999997;NEW DAWN TRANSIT, LLC (B2321);30.999999999999986;VAN TRANS LLC (B2192);28.600000000000012
1517453520000;LEESEL TRANSP CORP (B2192);117.1999999999995;PIONEER TRANSPORTATION CORP;63.59999999999984;RELIANT TRANS, INC. (B2321);52.5;BORO TRANSIT, INC.;23.899999999999988;LITTLE RICHIE BUS SERVICE;23.499999999999986
1518049740000;LEESEL TRANSP CORP (B2192);111.89999999999951;RELIANT TRANS, INC. (B2321);71.79999999999994;PIONEER TRANSPORTATION CORP;68.19999999999982;BORO TRANSIT, INC.;36.199999999999996;G.V.C., LTD.;29.300000000000033
1518657720000;LEESEL TRANSP CORP (B2192);37.80000000000001;RELIANT TRANS, INC. (B2321);21.900000000000006;PIONEER TRANSPORTATION CORP;20.1;LITTLE RICHIE BUS SERVICE;15.600000000000007;FIRST STEPS TRANSP INC. (B2192);14.300000000000004
1519275600000;LEESEL TRANSP CORP (B2192);133.4999999999995;RELIANT TRANS, INC. (B2321);71.99999999999999;PIONEER TRANSPORTATION CORP;59.19999999999992;BORO TRANSIT, INC.;47.099999999999994;G.V.C., LTD.;30.400000000000027
1519878480000;LEESEL TRANSP CORP (B2192);240.29999999999913;RELIANT TRANS, INC. (B2321);137.19999999999953;PIONEER TRANSPORTATION CORP;135.89999999999964;G.V.C., LTD.;46.49999999999997;BORO TRANSIT, INC.;44.399999999999984
1520471760000;LEESEL TRANSP CORP (B2192);272.69999999999965;RELIANT TRANS, INC. (B2321);151.19999999999968;PIONEER TRANSPORTATION CORP;111.09999999999957;G.V.C., LTD.;65.30000000000003;BORO TRANSIT, INC.;48.699999999999996
1521076680000;LEESEL TRANSP CORP (B2192);251.3999999999988;RELIANT TRANS, INC. (B2321);103.69999999999965;PIONEER TRANSPORTATION CORP;92.89999999999972;G.V.C., LTD.;39.599999999999994;BORO TRANSIT, INC.;37.19999999999999
1521680400000;LEESEL TRANSPORTATION CORP (B2192);269.2999999999992;RELIANT TRANSPORTATION, INC (B2321);116.69999999999965;PIONEER TRANSPORTATION CORP;107.29999999999961;BORO TRANSIT, INC.;44.400000000000006;VAN TRANS LLC (B2192);43.69999999999995
1522282440000;LEESEL TRANSPORTATION CORP (B2192);42.90000000000005;PIONEER TRANSPORTATION CORP;18.600000000000016;RELIANT TRANSPORTATION, INC (B2321);10.299999999999999;BORO TRANSIT, INC.;8.7;SELBY TRANSPORTATION;5.999999999999999
1522902540000;LEESEL TRANSPORTATION CORP (B2192);114.99999999999959;RELIANT TRANSPORTATION, INC (B2321);82.29999999999988;PIONEER TRANSPORTATION CORP;64.6999999999999;FIRST STEPS TRANS INC. (B2192);44.3;BORO TRANSIT, INC.;35.0
1523491200000;LEESEL TRANSPORTATION CORP (B2192);251.29999999999862;RELIANT TRANSPORTATION, INC (B2321);95.99999999999984;PIONEER TRANSPORTATION CORP;76.49999999999979;G.V.C., LTD.;37.199999999999974;BORO TRANSIT, INC.;34.699999999999996
1524098520000;LEESEL TRANSPORTATION CORP (B2192);238.89999999999904;RELIANT TRANSPORTATION, INC (B2321);133.59999999999948;PIONEER TRANSPORTATION CORP;97.29999999999967;G.V.C., LTD.;48.39999999999999;VAN TRANS LLC (B2192);45.59999999999995
1524706920000;LEESEL TRANSPORTATION CORP (B2192);296.00000000000006;PIONEER TRANSPORTATION CORP;129.89999999999952;RELIANT TRANSPORTATION, INC (B2321);119.89999999999961;G.V.C., LTD.;64.79999999999995;VAN TRANS LLC (B2192);54.599999999999994
1525317300000;LEESEL TRANSPORTATION CORP (B2192);216.599999999999;RELIANT TRANSPORTATION, INC (B2321);141.39999999999947;PIONEER TRANSPORTATION CORP;74.89999999999976;G.V.C., LTD.;44.99999999999999;VAN TRANS LLC (B2192);39.700000000000024
1525923180000;LEESEL TRANSPORTATION CORP (B2192);199.7999999999991;RELIANT TRANSPORTATION, INC (B2321);102.89999999999974;PIONEER TRANSPORTATION CORP;79.79999999999978;G.V.C., LTD.;52.39999999999995;NEW DAWN TRANSIT, LLC (B2321);40.19999999999999
1526515800000;LEESEL TRANSPORTATION CORP (B2192);198.19999999999948;RELIANT TRANSPORTATION, INC (B2321);138.1999999999995;PIONEER TRANSPORTATION CORP;89.49999999999972;SELBY TRANSPORTATION;46.80000000000007;G.V.C., LTD.;42.40000000000001
1527131700000;LEESEL TRANSPORTATION CORP (B2192);115.19999999999948;RELIANT TRANSPORTATION, INC (B2321);91.39999999999979;PIONEER TRANSPORTATION CORP;66.79999999999988;SELBY TRANSPORTATION;36.00000000000004;G.V.C., LTD.;29.600000000000023
1527736800000;LEESEL TRANSPORTATION CORP (B2192);171.19999999999942;RELIANT TRANSPORTATION, INC (B2321);158.79999999999967;PIONEER TRANSPORTATION CORP;84.2999999999997;SELBY TRANSPORTATION;43.800000000000054;VAN TRANS LLC (B2192);43.600000000000016
1528344900000;LEESEL TRANSPORTATION CORP (B2192);197.79999999999905;RELIANT TRANSPORTATION, INC (B2321);93.09999999999982;PIONEER TRANSPORTATION CORP;70.69999999999987;NEW DAWN TRANSIT, LLC (B2321);35.99999999999999;SELBY TRANSPORTATION;34.60000000000003
1529899380000;RELIANT TRANSPORTATION, INC (B2321);18.200000000000003;LEESEL TRANSPORTATION CORP (B2192);12.599999999999996;PIONEER TRANSPORTATION CORP;11.9;VAN TRANS LLC (B2192);5.4;NEW DAWN TRANSIT, LLC (B2321);4.5
1536033540000;RELIANT TRANSPORTATION, INC (B2321);81.49999999999993;PIONEER TRANSPORTATION CORP;22.900000000000027;NEW DAWN TRANSIT, LLC (B2321);16.8;BORO TRANSIT, INC.;15.599999999999998;HOYT TRANSPORTATION CORP.;14.700000000000006
1528947900000;LEESEL TRANSPORTATION CORP (B2192);104.3999999999997;RELIANT TRANSPORTATION, INC (B2321);87.49999999999982;PIONEER TRANSPORTATION CORP;50.99999999999987;G.V.C., LTD.;31.300000000000015;BORO TRANSIT, INC.;27.499999999999996
1536193800000;RELIANT TRANSPORTATION, INC (B2321);169.49999999999918;LEESEL TRANSPORTATION CORP (B2192);115.09999999999968;NEW DAWN TRANSIT, LLC (B2321);65.79999999999997;PIONEER TRANSPORTATION CORP;51.799999999999905;BORO TRANSIT, INC.;42.599999999999994
1536797940000;LEESEL TRANSPORTATION CORP (B2192);426.3000000000048;RELIANT TRANSPORTATION, INC (B2321);159.9999999999993;PIONEER TRANSPORTATION CORP;64.69999999999985;SELBY TRANSPORTATION;46.40000000000006;HOYT TRANSPORTATION CORP.;44.399999999999984
1538007660000;LEESEL TRANSPORTATION CORP (B2192);208.59999999999883;RELIANT TRANSPORTATION, INC (B2321);76.59999999999995;BORO TRANSIT, INC.;23.799999999999997;Y & M TRANSIT CORP (B2192);21.39999999999999;G.V.C., LTD.;19.20000000000001
1537402440000;LEESEL TRANSPORTATION CORP (B2192);485.1000000000071;RELIANT TRANSPORTATION, INC (B2321);151.8999999999993;SELBY TRANSPORTATION;59.4000000000001;PIONEER TRANSPORTATION CORP;54.89999999999995;VAN TRANS LLC (B2192);39.799999999999976
1538612820000;LEESEL TRANSPORTATION CORP (B2192);173.59999999999914;RELIANT TRANSPORTATION, INC (B2321);41.40000000000004;BORO TRANSIT, INC.;29.7;PIONEER TRANSPORTATION CORP;14.50000000000001;VAN TRANS LLC (B2192);12.700000000000001
1539230100000;LEESEL TRANSPORTATION CORP (B2192);444.70000000000556;RELIANT TRANSPORTATION, INC (B2321);117.89999999999965;SELBY TRANSPORTATION;52.40000000000008;LITTLE RICHIE BUS SERVICE;51.900000000000006;PIONEER TRANSPORTATION CORP;46.59999999999992
1539821520000;LEESEL TRANSPORTATION CORP (B2192);740.2000000000156;RELIANT TRANSPORTATION, INC (B2321);187.19999999999914;SELBY TRANSPORTATION;92.99999999999983;G.V.C., LTD.;90.59999999999974;PIONEER TRANSPORTATION CORP;83.09999999999972
1540425960000;LEESEL TRANSPORTATION CORP (B2192);540.6000000000088;RELIANT TRANSPORTATION, INC (B2321);156.49999999999943;G.V.C., LTD.;89.49999999999976;SELBY TRANSPORTATION;65.80000000000008;BORO TRANSIT, INC.;61.999999999999986
1541031900000;LEESEL TRANSPORTATION CORP (B2192);709.200000000015;RELIANT TRANSPORTATION, INC (B2321);188.09999999999923;G.V.C., LTD.;73.69999999999992;SELBY TRANSPORTATION;69.60000000000005;BORO TRANSIT, INC.;64.29999999999998
1541635800000;LEESEL TRANSPORTATION CORP (B2192);745.2000000000165;RELIANT TRANSPORTATION, INC (B2321);215.899999999999;SELBY TRANSPORTATION;100.19999999999976;PIONEER TRANSPORTATION CORP;83.79999999999964;G.V.C., LTD.;82.09999999999995
1542244140000;LEESEL TRANSPORTATION CORP (B2192);876.5000000000201;RELIANT TRANSPORTATION, INC (B2321);296.60000000000053;SELBY TRANSPORTATION;154.69999999999928;PIONEER TRANSPORTATION CORP;152.3000000000001;BORO TRANSIT, INC.;141.80000000000007
1542960060000;LEESEL TRANSPORTATION CORP (B2192);685.800000000014;RELIANT TRANSPORTATION, INC (B2321);150.5999999999995;SELBY TRANSPORTATION;91.79999999999984;BORO TRANSIT, INC.;69.49999999999999;PIONEER TRANSPORTATION CORP;60.799999999999876
1546407780000;SELBY TRANSPORTATION;1.2;VAN TRANS LLC (B2192);0.6;NEW DAWN TRANSIT, LLC (B2321);0.4;L & M BUS CORP.;0.4;I & Y TRANSIT CORP;0.4
1543465920000;LEESEL TRANSPORTATION CORP (B2192);481.400000000007;RELIANT TRANSPORTATION, INC (B2321);100.29999999999986;SELBY TRANSPORTATION;66.60000000000008;BORO TRANSIT, INC.;65.69999999999996;PIONEER TRANSPORTATION CORP;56.0999999999999
1545285660000;G.V.C., LTD.;3.3;SELBY TRANSPORTATION;2.4;LEESEL TRANSPORTATION CORP (B2192);0.6;PIONEER TRANSPORTATION CORP;0.6;VAN TRANS LLC (B2192);0.4
1544073300000;SELBY TRANSPORTATION;3.0;G.V.C., LTD.;2.1;LEESEL TRANSPORTATION CORP (B2192);1.7999999999999998;L & M BUS CORP.;1.5;BORO TRANSIT, INC.;1.0
1544680800000;G.V.C., LTD.;5.0;L & M BUS CORP.;1.2000000000000002;VAN TRANS LLC (B2192);0.7;SNT BUS INC;0.6000000000000001;LITTLE LISA BUS CO. INC.;0.6
1546491840000;LEESEL TRANSPORTATION CORP (B2192);441.5000000000053;RELIANT TRANSPORTATION, INC (B2321);89.7999999999999;SELBY TRANSPORTATION;61.0000000000001;NEW DAWN TRANSIT, LLC (B2321);45.099999999999916;BORO TRANSIT, INC.;35.800000000000004
1547080440000;LEESEL TRANSPORTATION CORP (B2192);485.800000000007;RELIANT TRANSPORTATION, INC (B2321);118.79999999999964;SELBY TRANSPORTATION;73.00000000000001;BORO TRANSIT, INC.;57.4;NEW DAWN TRANSIT, LLC (B2321);57.299999999999905
1547684100000;LEESEL TRANSPORTATION CORP (B2192);440.9000000000055;RELIANT TRANSPORTATION, INC (B2321);92.19999999999985;SELBY TRANSPORTATION;63.400000000000105;BORO TRANSIT, INC.;47.80000000000002;PIONEER TRANSPORTATION CORP;35.90000000000001
1548291600000;LEESEL TRANSPORTATION CORP (B2192);1015.0000000000246;RELIANT TRANSPORTATION, INC (B2321);218.99999999999955;SELBY TRANSPORTATION;148.7999999999993;G.V.C., LTD.;111.49999999999973;PIONEER TRANSPORTATION CORP;64.69999999999987
1548897600000;LEESEL TRANSPORTATION CORP (B2192);1009.1000000000251;RELIANT TRANSPORTATION, INC (B2321);213.19999999999925;PIONEER TRANSPORTATION CORP;156.80000000000018;SELBY TRANSPORTATION;139.1999999999994;BORO TRANSIT, INC.;127.10000000000008
1549501740000;LEESEL TRANSPORTATION CORP (B2192);656.4000000000124;RELIANT TRANSPORTATION, INC (B2321);179.09999999999917;SELBY TRANSPORTATION;96.9999999999998;G.V.C., LTD.;76.39999999999989;BORO TRANSIT, INC.;59.50000000000002
1550102940000;LEESEL TRANSPORTATION CORP (B2192);235.4999999999986;G.V.C., LTD.;45.0;SELBY TRANSPORTATION;44.20000000000006;RELIANT TRANSPORTATION, INC (B2321);42.20000000000004;PIONEER TRANSPORTATION CORP;20.000000000000014
1550728260000;LEESEL TRANSPORTATION CORP (B2192);347.5000000000019;RELIANT TRANSPORTATION, INC (B2321);89.5999999999999;SELBY TRANSPORTATION;64.6000000000001;PIONEER TRANSPORTATION CORP;46.79999999999996;BORO TRANSIT, INC.;38.6
1551314040000;LEESEL TRANSPORTATION CORP (B2192);510.10000000000787;RELIANT TRANSPORTATION, INC (B2321);135.59999999999954;SELBY TRANSPORTATION;85.5999999999999;G.V.C., LTD.;51.90000000000001;PIONEER TRANSPORTATION CORP;51.19999999999991
1551917700000;LEESEL TRANSPORTATION CORP (B2192);562.9000000000096;RELIANT TRANSPORTATION, INC (B2321);146.2999999999995;SELBY TRANSPORTATION;96.39999999999982;BORO TRANSIT, INC.;56.30000000000003;G.V.C., LTD.;51.199999999999974
1552538820000;LEESEL TRANSPORTATION CORP (B2192);478.00000000000676;RELIANT TRANSPORTATION, INC (B2321);111.69999999999968;SELBY TRANSPORTATION;70.90000000000003;BORO TRANSIT, INC.;45.59999999999997;G.V.C., LTD.;45.300000000000026
1553126580000;LEESEL TRANSPORTATION CORP (B2192);507.8000000000079;RELIANT TRANSPORTATION, INC (B2321);151.79999999999941;SELBY TRANSPORTATION;72.50000000000001;BORO TRANSIT, INC.;55.199999999999996;PIONEER TRANSPORTATION CORP;54.39999999999994
1553732400000;LEESEL TRANSPORTATION CORP (B2192);245.99999999999883;RELIANT TRANSPORTATION, INC (B2321);146.29999999999947;SELBY TRANSPORTATION;61.0000000000001;BORO TRANSIT, INC.;58.69999999999999;PIONEER TRANSPORTATION CORP;58.199999999999974
1556771100000;G.V.C., LTD.;5.0;SELBY TRANSPORTATION;3.6;DON THOMAS BUSES, INC.;1.2;GRANDPA`S BUS CO., INC.;0.6;LEESEL TRANSPORTATION CORP (B2192);0.6
1556517600000;G.V.C., LTD.;2.0999999999999996;DON THOMAS BUSES, INC.;0.8999999999999999;ANOTHER RIDE INC.;0.6;BORO TRANSIT, INC.;0.5;MJT BUS COMPANY, INC;0.4
1555565400000;G.V.C., LTD.;1.4;SELBY TRANSPORTATION;0.6;LEESEL TRANSPORTATION CORP (B2192);0.6;EMPIRE STATE BUS CORP.;0.3;SNT BUS INC;0.2
1557378840000;G.V.C., LTD.;3.9000000000000004;SELBY TRANSPORTATION;1.7999999999999998;LEESEL TRANSPORTATION CORP (B2192);1.7999999999999998;I & Y TRANSIT CORP;1.2000000000000002;BORO TRANSIT, INC.;1.2
1554941700000;LEESEL TRANSPORTATION CORP (B2192);58.500000000000064;RELIANT TRANSPORTATION, INC (B2321);28.200000000000006;PIONEER TRANSPORTATION CORP;13.9;SELBY TRANSPORTATION;13.199999999999996;SNT BUS INC;13.1
1554337560000;LEESEL TRANSPORTATION CORP (B2192);251.69999999999894;RELIANT TRANSPORTATION, INC (B2321);162.39999999999932;PIONEER TRANSPORTATION CORP;75.29999999999986;SELBY TRANSPORTATION;55.20000000000009;BORO TRANSIT, INC.;45.399999999999984
1557966180000;LEESEL TRANSPORTATION CORP (B2192);284.0999999999996;RELIANT TRANSPORTATION, INC (B2321);123.79999999999964;PIONEER TRANSPORTATION CORP;60.49999999999993;SELBY TRANSPORTATION;54.000000000000085;BORO TRANSIT, INC.;42.49999999999997
1558570440000;LEESEL TRANSPORTATION CORP (B2192);234.79999999999947;RELIANT TRANSPORTATION, INC (B2321);122.39999999999961;SELBY TRANSPORTATION;61.0000000000001;PIONEER TRANSPORTATION CORP;57.299999999999905;BORO TRANSIT, INC.;37.099999999999994
1559180700000;LEESEL TRANSPORTATION CORP (B2192);219.09999999999886;RELIANT TRANSPORTATION, INC (B2321);110.79999999999977;SELBY TRANSPORTATION;64.2000000000001;PIONEER TRANSPORTATION CORP;63.29999999999989;BORO TRANSIT, INC.;52.50000000000003
1559779680000;LEESEL TRANSPORTATION CORP (B2192);242.3999999999988;RELIANT TRANSPORTATION, INC (B2321);73.90000000000002;SELBY TRANSPORTATION;55.000000000000085;BORO TRANSIT, INC.;46.49999999999999;PIONEER TRANSPORTATION CORP;40.5
1560396360000;LEESEL TRANSPORTATION CORP (B2192);264.99999999999903;SELBY TRANSPORTATION;81.79999999999994;RELIANT TRANSPORTATION, INC (B2321);73.30000000000003;PIONEER TRANSPORTATION CORP;54.99999999999991;NEW DAWN TRANSIT, LLC (B2321);49.79999999999992
1561612500000;SELBY TRANSPORTATION;2.4;L & M BUS CORP.;1.4;DON THOMAS BUSES, INC.;0.6;G.V.C., LTD.;0.3;BORO TRANSIT, INC.;0.2
1560991140000;LEESEL TRANSPORTATION CORP (B2192);236.19999999999882;SELBY TRANSPORTATION;57.00000000000009;RELIANT TRANSPORTATION, INC (B2321);49.50000000000004;NEW DAWN TRANSIT, LLC (B2321);43.799999999999955;G.V.C. LTD. (B2192);39.79999999999995
1567473660000;RELIANT TRANSPORTATION, INC (B2321);40.300000000000054;LEESEL TRANSPORTATION CORP (B2192);26.900000000000023;BORO TRANSIT, INC.;14.6;PRIDE TRANSPORTATION (SCH AGE);12.399999999999999;HOYT TRANSPORTATION CORP.;10.3
1567642500000;RELIANT TRANSPORTATION, INC (B2321);444.60000000000537;LEESEL TRANSPORTATION CORP (B2192);299.3000000000007;PIONEER TRANSPORTATION CORP;161.80000000000015;BORO TRANSIT, INC.;153.30000000000038;FIRST STEPS TRANS INC. (B2192);99.60000000000002
1568247720000;LEESEL TRANSPORTATION CORP (B2192);419.8000000000047;RELIANT TRANSPORTATION, INC (B2321);234.39999999999858;PIONEER TRANSPORTATION CORP;86.19999999999976;BORO TRANSIT, INC.;78.2;LITTLE RICHIE BUS SERVICE;49.899999999999984
1568852040000;LEESEL TRANSPORTATION CORP (B2192);644.2000000000122;RELIANT TRANSPORTATION, INC (B2321);249.9999999999985;BORO TRANSIT, INC.;116.90000000000012;PIONEER TRANSPORTATION CORP;86.99999999999973;G.V.C., LTD.;69.29999999999993
1569456900000;LEESEL TRANSPORTATION CORP (B2192);359.50000000000216;RELIANT TRANSPORTATION, INC (B2321);155.29999999999927;PIONEER TRANSPORTATION CORP;47.79999999999994;BORO TRANSIT, INC.;46.099999999999945;HOYT TRANSPORTATION CORP.;34.90000000000002
1570064700000;LEESEL TRANSPORTATION CORP (B2192);524.9000000000085;RELIANT TRANSPORTATION, INC (B2321);195.39999999999898;BORO TRANSIT, INC.;66.39999999999998;PRIDE TRANSPORTATION (SCH AGE);51.00000000000005;PIONEER TRANSPORTATION CORP;44.29999999999997
1570674360000;LEESEL TRANSPORTATION CORP (B2192);493.60000000000736;RELIANT TRANSPORTATION, INC (B2321);174.89999999999915;BORO TRANSIT, INC.;79.30000000000004;EMPIRE CHARTER SERVICE INC;44.59999999999996;G.V.C., LTD.;44.30000000000002
1571270700000;LEESEL TRANSPORTATION CORP (B2192);717.600000000015;RELIANT TRANSPORTATION, INC (B2321);201.2999999999992;BORO TRANSIT, INC.;86.10000000000012;G.V.C., LTD.;81.09999999999992;PIONEER TRANSPORTATION CORP;54.69999999999994
1571887920000;LEESEL TRANSPORTATION CORP (B2192);740.8000000000153;RELIANT TRANSPORTATION, INC (B2321);313.1000000000003;BORO TRANSIT, INC.;124.20000000000013;PIONEER TRANSPORTATION CORP;88.79999999999988;EMPIRE CHARTER SERVICE INC;74.69999999999968
1572480660000;LEESEL TRANSPORTATION CORP (B2192);488.20000000000744;RELIANT TRANSPORTATION, INC (B2321);275.29999999999967;BORO TRANSIT, INC.;93.8;PIONEER TRANSPORTATION CORP;70.79999999999984;SNT BUS INC;68.49999999999996
1573091340000;LEESEL TRANSPORTATION CORP (B2192);301.5000000000005;RELIANT TRANSPORTATION, INC (B2321);156.59999999999943;BORO TRANSIT, INC.;78.6;SNT BUS INC;63.6;EMPIRE CHARTER SERVICE INC;38.399999999999984
1573695000000;LEESEL TRANSPORTATION CORP (B2192);659.1000000000128;RELIANT TRANSPORTATION, INC (B2321);236.19999999999908;BORO TRANSIT, INC.;139.80000000000027;SNT BUS INC;64.6;VAN TRANS LLC (B2192);60.79999999999993
1574298000000;LEESEL TRANSPORTATION CORP (B2192);767.6000000000163;RELIANT TRANSPORTATION, INC (B2321);254.09999999999886;BORO TRANSIT, INC.;125.0000000000003;PIONEER TRANSPORTATION CORP;77.89999999999976;EMPIRE CHARTER SERVICE INC;73.99999999999972
